timestamp_utc,livello_cm,astronomica_cm,sovralzo_cm
2026-09-30 15:05:00+00:00,21.0,26.0,-5.0
2026-09-30 15:10:00+00:00,19.0,24.0,-5.0
2026-09-30 15:30:00+00:00,13.0,18.0,-5.0
2026-09-30 15:35:00+00:00,12.0,17.0,-5.0
2026-09-30 20:25:00+00:00,2.0,13.0,-11.0
2026-10-01 00:15:00+00:00,42.0,49.0,-7.0
2026-10-01 06:10:00+00:00,19.0,22.0,-3.0
2026-10-01 13:50:00+00:00,44.0,57.0,-13.0
2026-10-01 13:55:00+00:00,43.0,56.0,-13.0
2026-10-01 14:20:00+00:00,36.0,49.0,-13.0
2026-10-01 20:20:00+00:00,-5.0,5.0,-10.0
2026-10-02 00:00:00+00:00,32.0,38.0,-6.0
2026-10-02 06:00:00+00:00,32.0,29.0,3.0
2026-10-02 13:00:00+00:00,49.0,62.0,-13.0
2026-10-02 18:30:00+00:00,-4.0,10.0,-14.0
2026-10-02 22:50:00+00:00,10.0,17.0,-7.0
2026-10-03 01:45:00+00:00,31.0,35.0,-4.0
2026-10-03 07:50:00+00:00,41.0,41.0,0.0
2026-10-03 13:10:00+00:00,39.0,54.0,-15.0
2026-10-03 17:30:00+00:00,18.0,32.0,-14.0
