anno,ore_totali,ore_misurate,ore_interpolate,ore_mancanti,max_cm,copertura_pct
2002,8760,8760,0,0,146.0,100.0
2003,8760,8760,0,0,108.0,100.0
2004,8784,8784,0,0,137.0,100.0
2005,8760,8760,0,0,131.0,100.0
2006,8760,8760,0,0,112.0,100.0
2007,8760,8760,0,0,108.0,100.0
2008,8784,8784,0,0,152.0,100.0
2009,8760,8760,0,0,145.0,100.0
2010,8760,8760,0,0,142.0,100.0
2011,8760,8760,0,0,111.0,100.0
2012,8784,8784,0,0,148.0,100.0
2013,8760,8760,0,0,141.0,100.0
2014,8760,8760,0,0,124.0,100.0
2015,8760,8758,2,0,123.0,100.0
2016,8784,8784,0,0,121.0,100.0
2017,8760,8760,0,0,126.0,100.0
2018,8760,8760,0,0,154.0,100.0
2019,8760,8760,0,0,181.0,100.0
2020,8784,8784,0,0,137.0,100.0
2021,8760,8760,0,0,106.0,100.0
2022,8760,8757,3,0,101.0,100.0
2023,8760,8759,1,0,105.0,100.0
2024,8784,8781,3,0,104.0,100.0
2025,8760,8760,0,0,125.0,100.0
