Punta_Salute_CanalGrande-Venezia;;
Data_ora_solare(UTC+1);livello(m);
2012-01-01 04:25:00;0.40;max
2012-01-01 09:50:00;0.07;min
2012-01-01 13:45:00;0.24;max
2012-01-01 21:40:00;0.06;min
2012-01-02 05:15:00;0.48;max
2012-01-02 13:40:00;0.08;min
2012-01-02 18:05:00;0.30;max
2012-01-02 21:20:00;0.21;min
2012-01-03 05:40:00;0.72;max
2012-01-03 13:55:00;-0.03;min
2012-01-04 05:50:00;0.55;max
2012-01-04 15:10:00;-0.16;min
2012-01-04 22:20:00;0.36;max
2012-01-05 03:30:00;0.18;min
2012-01-05 08:35:00;0.48;max
2012-01-05 14:50:00;-0.14;min
2012-01-05 22:25:00;0.67;max
2012-01-06 03:45:00;0.19;min
2012-01-06 07:40:00;0.45;max
2012-01-06 15:45:00;-0.43;min
2012-01-06 21:45:00;0.32;max
2012-01-07 03:00:00;-0.07;min
2012-01-07 09:45:00;0.58;max
2012-01-07 16:40:00;-0.34;min
2012-01-07 23:30:00;0.45;max
2012-01-08 04:25:00;0.16;min
2012-01-08 09:25:00;0.68;max
2012-01-08 16:50:00;-0.39;min
2012-01-08 23:40:00;0.56;max
2012-01-09 04:30:00;0.18;min
2012-01-09 10:00:00;0.61;max
2012-01-09 17:15:00;-0.49;min
2012-01-10 00:20:00;0.55;max
2012-01-10 05:25:00;0.03;min
2012-01-10 10:55:00;0.57;max
2012-01-10 17:40:00;-0.46;min
2012-01-11 00:10:00;0.49;max
2012-01-11 05:50:00;-0.07;min
2012-01-11 11:40:00;0.43;max
2012-01-11 18:05:00;-0.49;min
2012-01-12 01:00:00;0.48;max
2012-01-12 06:30:00;-0.11;min
2012-01-12 11:50:00;0.42;max
2012-01-12 18:25:00;-0.40;min
2012-01-13 01:30:00;0.51;max
2012-01-13 07:15:00;-0.04;min
2012-01-13 12:45:00;0.43;max
2012-01-13 19:15:00;-0.30;min
2012-01-14 02:00:00;0.51;max
2012-01-14 08:05:00;-0.06;min
2012-01-14 12:25:00;0.26;max
2012-01-14 19:15:00;-0.26;min
2012-01-15 02:45:00;0.47;max
2012-01-15 09:25:00;-0.11;min
2012-01-15 14:10:00;0.14;max
2012-01-15 19:45:00;-0.17;min
2012-01-16 03:35:00;0.46;max
2012-01-16 10:15:00;-0.04;min
2012-01-16 14:00:00;0.06;max
2012-01-16 19:45:00;-0.08;min
2012-01-17 04:30:00;0.40;max
2012-01-17 13:05:00;-0.20;min
2012-01-17 21:00:00;0.12;max
2012-01-17 22:50:00;0.10;min
2012-01-18 05:05:00;0.43;max
2012-01-18 14:20:00;-0.31;min
2012-01-18 21:25:00;0.22;max
2012-01-19 01:10:00;0.10;min
2012-01-19 07:00:00;0.44;max
2012-01-19 14:30:00;-0.39;min
2012-01-19 21:25:00;0.37;max
2012-01-20 02:05:00;0.14;min
2012-01-20 07:45:00;0.56;max
2012-01-20 15:25:00;-0.32;min
2012-01-20 22:25:00;0.46;max
2012-01-21 03:35:00;0.04;min
2012-01-21 08:35:00;0.45;max
2012-01-21 16:10:00;-0.41;min
2012-01-21 22:50:00;0.49;max
2012-01-22 04:00:00;0.02;min
2012-01-22 10:25:00;0.65;max
2012-01-22 16:45:00;-0.35;min
2012-01-22 23:35:00;0.59;max
2012-01-23 04:50:00;0.07;min
2012-01-23 10:15:00;0.68;max
2012-01-23 17:00:00;-0.43;min
2012-01-24 00:15:00;0.57;max
2012-01-24 05:30:00;0.03;min
2012-01-24 10:30:00;0.55;max
2012-01-24 17:50:00;-0.51;min
2012-01-24 23:55:00;0.48;max
2012-01-25 05:20:00;-0.08;min
2012-01-25 11:00:00;0.39;max
2012-01-25 17:35:00;-0.53;min
2012-01-26 01:00:00;0.40;max
2012-01-26 06:35:00;-0.13;min
2012-01-26 11:40:00;0.38;max
2012-01-26 18:20:00;-0.45;min
2012-01-27 01:35:00;0.49;max
2012-01-27 07:10:00;-0.05;min
2012-01-27 12:05:00;0.41;max
2012-01-27 18:30:00;-0.32;min
2012-01-28 01:55:00;0.54;max
2012-01-28 07:50:00;0.00;min
2012-01-28 12:20:00;0.33;max
2012-01-28 18:40:00;-0.23;min
2012-01-29 02:00:00;0.54;max
2012-01-29 08:40:00;0.06;min
2012-01-29 12:55:00;0.25;max
2012-01-29 18:35:00;-0.04;min
2012-01-30 02:15:00;0.43;max
2012-01-30 10:20:00;-0.04;min
2012-01-30 13:45:00;0.12;max
2012-01-30 18:30:00;-0.04;min
2012-01-31 03:00:00;0.43;max
2012-01-31 10:25:00;0.00;min
2012-01-31 13:10:00;0.06;max
2012-01-31 14:05:00;0.05;min
2012-02-01 07:10:00;0.53;max
2012-02-01 12:35:00;0.32;min
2012-02-01 20:40:00;0.75;max
2012-02-02 03:10:00;0.34;min
2012-02-02 07:00:00;0.47;max
2012-02-02 14:45:00;0.05;min
2012-02-02 20:05:00;0.45;max
2012-02-03 01:25:00;0.11;min
2012-02-03 08:15:00;0.56;max
2012-02-03 14:00:00;0.00;min
2012-02-03 21:00:00;0.44;max
2012-02-04 02:00:00;0.20;min
2012-02-04 08:10:00;0.76;max
2012-02-04 16:25:00;-0.19;min
2012-02-04 21:55:00;0.37;max
2012-02-05 02:20:00;0.22;min
2012-02-05 08:55:00;0.72;max
2012-02-05 16:20:00;-0.42;min
2012-02-05 23:05:00;0.38;max
2012-02-06 03:55:00;0.00;min
2012-02-06 09:10:00;0.53;max
2012-02-06 16:15:00;-0.54;min
2012-02-06 23:35:00;0.42;max
2012-02-07 04:00:00;0.03;min
2012-02-07 09:55:00;0.66;max
2012-02-07 17:00:00;-0.18;min
2012-02-07 23:30:00;0.79;max
2012-02-08 05:25:00;0.25;min
2012-02-08 10:45:00;0.73;max
2012-02-08 17:50:00;-0.30;min
2012-02-09 00:10:00;0.62;max
2012-02-09 05:50:00;-0.08;min
2012-02-09 11:55:00;0.56;max
2012-02-09 17:55:00;-0.40;min
2012-02-10 00:40:00;0.69;max
2012-02-10 06:35:00;0.04;min
2012-02-10 12:00:00;0.53;max
2012-02-10 17:55:00;-0.11;min
2012-02-11 01:50:00;0.89;max
2012-02-11 08:25:00;0.19;min
2012-02-11 12:30:00;0.52;max
2012-02-11 18:55:00;-0.16;min
2012-02-12 01:45:00;0.73;max
2012-02-12 08:20:00;-0.18;min
2012-02-12 14:10:00;0.31;max
2012-02-12 19:00:00;-0.17;min
2012-02-13 01:30:00;0.55;max
2012-02-13 08:55:00;-0.32;min
2012-02-13 14:05:00;0.06;max
2012-02-13 18:40:00;-0.11;min
2012-02-14 02:25:00;0.46;max
2012-02-14 09:45:00;-0.22;min
2012-02-14 16:00:00;0.08;max
2012-02-14 19:55:00;0.03;min
2012-02-15 03:05:00;0.34;max
2012-02-15 10:25:00;-0.13;min
2012-02-15 19:50:00;0.27;max
2012-02-15 23:15:00;0.23;min
2012-02-16 04:45:00;0.31;max
2012-02-16 14:35:00;-0.18;min
2012-02-16 21:25:00;0.22;max
2012-02-17 01:55:00;-0.03;min
2012-02-17 08:10:00;0.30;max
2012-02-17 15:05:00;-0.37;min
2012-02-17 21:45:00;0.33;max
2012-02-18 02:30:00;-0.06;min
2012-02-18 08:20:00;0.46;max
2012-02-18 15:15:00;-0.42;min
2012-02-18 22:00:00;0.39;max
2012-02-19 03:00:00;0.00;min
2012-02-19 08:35:00;0.49;max
2012-02-19 15:45:00;-0.42;min
2012-02-19 22:45:00;0.47;max
2012-02-20 04:25:00;-0.05;min
2012-02-20 09:50:00;0.51;max
2012-02-20 16:15:00;-0.35;min
2012-02-20 23:10:00;0.49;max
2012-02-21 05:10:00;-0.17;min
2012-02-21 10:20:00;0.41;max
2012-02-21 16:50:00;-0.51;min
2012-02-21 23:30:00;0.40;max
2012-02-22 05:15:00;-0.33;min
2012-02-22 10:55:00;0.34;max
2012-02-22 16:55:00;-0.54;min
2012-02-22 23:45:00;0.43;max
2012-02-23 05:40:00;-0.30;min
2012-02-23 11:30:00;0.33;max
2012-02-23 17:20:00;-0.50;min
2012-02-24 00:05:00;0.42;max
2012-02-24 06:05:00;-0.33;min
2012-02-24 11:45:00;0.27;max
2012-02-24 17:30:00;-0.44;min
2012-02-25 00:20:00;0.41;max
2012-02-25 06:35:00;-0.26;min
2012-02-25 12:05:00;0.27;max
2012-02-25 17:50:00;-0.29;min
2012-02-26 00:40:00;0.48;max
2012-02-26 07:10:00;-0.23;min
2012-02-26 12:25:00;0.29;max
2012-02-26 18:05:00;-0.21;min
2012-02-27 00:45:00;0.39;max
2012-02-27 07:45:00;-0.37;min
2012-02-27 13:45:00;0.11;max
2012-02-27 18:50:00;-0.17;min
2012-02-28 01:05:00;0.36;max
2012-02-28 08:00:00;-0.32;min
2012-02-28 14:00:00;0.10;max
2012-02-28 18:40:00;-0.14;min
2012-02-29 00:45:00;0.33;max
2012-02-29 08:30:00;-0.25;min
2012-02-29 13:20:00;-0.07;max
2012-02-29 17:25:00;-0.15;min
2012-03-01 01:55:00;0.35;max
2012-03-01 13:30:00;-0.27;min
2012-03-02 04:45:00;0.32;max
2012-03-02 12:50:00;-0.33;min
2012-03-02 21:50:00;0.34;max
2012-03-03 02:20:00;0.22;min
2012-03-03 05:05:00;0.26;max
2012-03-03 13:20:00;-0.36;min
2012-03-03 21:15:00;0.38;max
2012-03-04 03:05:00;0.03;min
2012-03-04 07:30:00;0.23;max
2012-03-04 14:15:00;-0.31;min
2012-03-04 21:30:00;0.46;max
2012-03-05 03:35:00;-0.04;min
2012-03-05 09:05:00;0.38;max
2012-03-05 15:10:00;-0.27;min
2012-03-05 21:50:00;0.51;max
2012-03-06 03:35:00;-0.08;min
2012-03-06 09:50:00;0.60;max
2012-03-06 16:10:00;-0.17;min
2012-03-06 22:05:00;0.54;max
2012-03-07 04:20:00;-0.29;min
2012-03-07 10:25:00;0.49;max
2012-03-07 16:30:00;-0.36;min
2012-03-07 22:45:00;0.49;max
2012-03-08 04:35:00;-0.27;min
2012-03-08 11:00:00;0.60;max
2012-03-08 17:10:00;-0.37;min
2012-03-08 23:05:00;0.44;max
2012-03-09 05:00:00;-0.31;min
2012-03-09 11:25:00;0.54;max
2012-03-09 17:55:00;-0.41;min
2012-03-09 23:55:00;0.34;max
2012-03-10 06:00:00;-0.44;min
2012-03-10 11:35:00;0.32;max
2012-03-10 17:50:00;-0.56;min
2012-03-11 00:25:00;0.43;max
2012-03-11 06:45:00;-0.34;min
2012-03-11 12:10:00;0.15;max
2012-03-11 17:55:00;-0.47;min
2012-03-12 01:05:00;0.44;max
2012-03-12 07:35:00;-0.37;min
2012-03-12 12:35:00;0.06;max
2012-03-12 17:15:00;-0.25;min
2012-03-13 00:55:00;0.45;max
2012-03-13 08:40:00;-0.37;min
2012-03-14 01:20:00;0.45;max
2012-03-14 09:35:00;-0.41;min
2012-03-15 01:30:00;0.30;max
2012-03-15 09:50:00;-0.30;min
2012-03-15 19:30:00;0.29;max
2012-03-16 12:35:00;-0.16;min
2012-03-16 20:15:00;0.40;max
2012-03-17 02:25:00;0.01;min
2012-03-17 07:25:00;0.28;max
2012-03-17 13:30:00;-0.19;min
2012-03-17 21:05:00;0.46;max
2012-03-18 02:40:00;0.00;min
2012-03-18 08:10:00;0.40;max
2012-03-18 14:40:00;-0.19;min
2012-03-18 21:35:00;0.60;max
2012-03-19 03:25:00;0.01;min
2012-03-19 08:50:00;0.47;max
2012-03-19 15:15:00;-0.24;min
2012-03-19 21:55:00;0.56;max
2012-03-20 04:20:00;-0.21;min
2012-03-20 09:10:00;0.27;max
2012-03-20 15:25:00;-0.39;min
2012-03-20 22:10:00;0.46;max
2012-03-21 04:35:00;-0.38;min
2012-03-21 10:05:00;0.22;max
2012-03-21 15:50:00;-0.39;min
2012-03-21 22:25:00;0.44;max
2012-03-22 04:45:00;-0.41;min
2012-03-22 10:40:00;0.30;max
2012-03-22 16:20:00;-0.34;min
2012-03-22 22:40:00;0.46;max
2012-03-23 05:10:00;-0.41;min
2012-03-23 11:10:00;0.33;max
2012-03-23 16:50:00;-0.31;min
2012-03-23 23:10:00;0.46;max
2012-03-24 05:45:00;-0.43;min
2012-03-24 11:45:00;0.31;max
2012-03-24 17:15:00;-0.32;min
2012-03-24 23:25:00;0.44;max
2012-03-25 06:00:00;-0.42;min
2012-03-25 12:10:00;0.26;max
2012-03-25 17:20:00;-0.27;min
2012-03-25 23:40:00;0.42;max
2012-03-26 06:35:00;-0.39;min
2012-03-26 12:05:00;0.20;max
2012-03-26 17:30:00;-0.20;min
2012-03-26 23:50:00;0.38;max
2012-03-27 07:00:00;-0.35;min
2012-03-27 13:30:00;0.19;max
2012-03-27 18:10:00;-0.14;min
2012-03-28 00:10:00;0.34;max
2012-03-28 07:35:00;-0.33;min
2012-03-28 14:05:00;0.11;max
2012-03-28 18:30:00;-0.03;min
2012-03-29 00:40:00;0.35;max
2012-03-29 08:15:00;-0.15;min
2012-03-29 16:30:00;0.20;max
2012-03-29 18:40:00;0.16;min
2012-03-30 01:40:00;0.42;max
2012-03-30 09:45:00;-0.08;min
2012-03-30 21:50:00;0.35;max
2012-03-31 10:50:00;-0.01;min
2012-03-31 19:55:00;0.57;max
2012-04-01 05:30:00;0.25;min
2012-04-01 08:20:00;0.35;max
2012-04-01 14:00:00;0.03;min
2012-04-01 19:30:00;0.54;max
2012-04-02 03:00:00;-0.01;min
2012-04-02 08:25:00;0.35;max
2012-04-02 13:45:00;-0.04;min
2012-04-02 20:35:00;0.60;max
2012-04-03 02:50:00;-0.04;min
2012-04-03 08:30:00;0.53;max
2012-04-03 14:45:00;-0.09;min
2012-04-03 21:10:00;0.67;max
2012-04-04 03:10:00;-0.06;min
2012-04-04 09:10:00;0.62;max
2012-04-04 15:10:00;-0.12;min
2012-04-04 21:30:00;0.69;max
2012-04-05 03:45:00;-0.08;min
2012-04-05 09:55:00;0.63;max
2012-04-05 15:45:00;-0.14;min
2012-04-05 22:05:00;0.73;max
2012-04-06 04:40:00;-0.18;min
2012-04-06 11:00:00;0.58;max
2012-04-06 16:35:00;-0.09;min
2012-04-06 22:40:00;0.83;max
2012-04-07 05:20:00;-0.22;min
2012-04-07 11:25:00;0.61;max
2012-04-07 16:30:00;0.07;min
2012-04-07 22:55:00;0.88;max
2012-04-08 05:40:00;-0.21;min
2012-04-08 12:20:00;0.66;max
2012-04-08 16:55:00;0.18;min
2012-04-08 23:15:00;0.81;max
2012-04-09 06:40:00;-0.27;min
2012-04-09 12:55:00;0.51;max
2012-04-09 18:15:00;0.07;min
2012-04-10 00:15:00;0.63;max
2012-04-10 06:50:00;-0.16;min
2012-04-10 13:15:00;0.55;max
2012-04-10 18:25:00;0.13;min
2012-04-11 01:00:00;0.73;max
2012-04-11 07:35:00;0.08;min
2012-04-11 15:10:00;0.78;max
2012-04-11 21:10:00;0.60;min
2012-04-11 23:35:00;0.81;max
2012-04-12 08:35:00;-0.03;min
2012-04-12 17:20:00;0.69;max
2012-04-13 08:25:00;0.11;min
2012-04-13 19:25:00;0.73;max
2012-04-14 01:40:00;0.35;min
2012-04-14 07:05:00;0.55;max
2012-04-14 12:05:00;0.31;min
2012-04-14 18:55:00;0.83;max
2012-04-15 01:55:00;0.30;min
2012-04-15 07:25:00;0.57;max
2012-04-15 12:45:00;0.23;min
2012-04-15 19:55:00;0.80;max
2012-04-16 02:30:00;0.25;min
2012-04-16 07:50:00;0.66;max
2012-04-16 13:45:00;0.20;min
2012-04-16 20:40:00;0.77;max
2012-04-17 03:15:00;0.23;min
2012-04-17 08:40:00;0.63;max
2012-04-17 14:30:00;0.13;min
2012-04-17 21:30:00;0.78;max
2012-04-18 04:05:00;0.05;min
2012-04-18 09:20:00;0.58;max
2012-04-18 14:40:00;0.05;min
2012-04-18 22:05:00;1.02;max
2012-04-19 04:40:00;0.15;min
2012-04-19 09:20:00;0.61;max
2012-04-19 14:30:00;0.20;min
2012-04-19 22:15:00;1.01;max
2012-04-20 04:55:00;0.02;min
2012-04-20 10:50:00;0.65;max
2012-04-20 15:20:00;0.32;min
2012-04-20 22:10:00;1.02;max
2012-04-21 05:35:00;-0.09;min
2012-04-21 11:55:00;0.75;max
2012-04-21 16:45:00;0.32;min
2012-04-21 22:10:00;0.91;max
2012-04-22 05:20:00;-0.10;min
2012-04-22 11:40:00;0.81;max
2012-04-22 17:05:00;0.32;min
2012-04-22 22:25:00;0.84;max
2012-04-23 05:50:00;-0.11;min
2012-04-23 12:40:00;0.69;max
2012-04-23 17:20:00;0.33;min
2012-04-23 22:40:00;0.79;max
2012-04-24 06:00:00;-0.04;min
2012-04-24 12:35:00;0.85;max
2012-04-24 18:10:00;0.47;min
2012-04-24 23:05:00;0.80;max
2012-04-25 06:45:00;-0.16;min
2012-04-25 13:40:00;0.68;max
2012-04-25 18:40:00;0.29;min
2012-04-25 23:20:00;0.62;max
2012-04-26 06:25:00;-0.09;min
2012-04-26 13:25:00;0.51;max
2012-04-26 19:00:00;0.24;min
2012-04-27 00:15:00;0.45;max
2012-04-27 07:50:00;-0.09;min
2012-04-27 15:15:00;0.34;max
2012-04-27 20:10:00;0.18;min
2012-04-28 00:30:00;0.35;max
2012-04-28 09:10:00;-0.08;min
2012-04-28 16:50:00;0.42;max
2012-04-28 22:00:00;0.25;min
2012-04-29 01:45:00;0.33;max
2012-04-29 10:40:00;-0.06;min
2012-04-29 17:55:00;0.49;max
2012-04-29 23:30:00;0.20;min
2012-04-30 04:25:00;0.32;max
2012-04-30 11:20:00;-0.07;min
2012-04-30 19:15:00;0.55;max
2012-05-01 02:00:00;0.10;min
2012-05-01 06:45:00;0.27;max
2012-05-01 12:45:00;-0.11;min
2012-05-01 18:30:00;0.62;max
2012-05-02 02:35:00;-0.06;min
2012-05-02 07:20:00;0.30;max
2012-05-02 13:20:00;-0.15;min
2012-05-02 20:15:00;0.66;max
2012-05-03 03:10:00;-0.16;min
2012-05-03 09:05:00;0.36;max
2012-05-03 14:10:00;-0.04;min
2012-05-03 20:50:00;0.76;max
2012-05-04 04:00:00;-0.22;min
2012-05-04 10:00:00;0.50;max
2012-05-04 14:45:00;0.00;min
2012-05-04 21:30:00;0.89;max
2012-05-05 04:30:00;-0.27;min
2012-05-05 10:30:00;0.54;max
2012-05-05 15:55:00;0.11;min
2012-05-05 21:50:00;0.90;max
2012-05-06 05:05:00;-0.31;min
2012-05-06 11:35:00;0.54;max
2012-05-06 16:00:00;0.19;min
2012-05-06 22:35:00;0.84;max
2012-05-07 05:55:00;-0.31;min
2012-05-07 12:30:00;0.57;max
2012-05-07 17:15:00;0.17;min
2012-05-07 23:05:00;0.73;max
2012-05-08 06:00:00;-0.36;min
2012-05-08 12:55:00;0.49;max
2012-05-08 17:45:00;0.12;min
2012-05-08 23:45:00;0.63;max
2012-05-09 06:55:00;-0.26;min
2012-05-09 13:50:00;0.46;max
2012-05-09 19:00:00;0.12;min
2012-05-10 00:25:00;0.54;max
2012-05-10 07:15:00;-0.30;min
2012-05-10 14:40:00;0.36;max
2012-05-10 19:25:00;0.11;min
2012-05-11 00:40:00;0.45;max
2012-05-11 08:10:00;-0.26;min
2012-05-11 16:35:00;0.36;max
2012-05-11 21:35:00;0.20;min
2012-05-12 01:30:00;0.29;max
2012-05-12 09:00:00;-0.20;min
2012-05-12 18:15:00;0.47;max
2012-05-13 00:20:00;0.18;min
2012-05-13 03:25:00;0.39;max
2012-05-13 05:35:00;0.29;min
2012-05-13 07:00:00;0.34;max
2012-05-13 12:20:00;0.08;min
2012-05-13 18:15:00;0.57;max
2012-05-14 02:55:00;0.13;min
2012-05-14 06:25:00;0.23;max
2012-05-14 10:55:00;-0.05;min
2012-05-14 19:40:00;0.64;max
2012-05-15 02:10:00;-0.03;min
2012-05-15 07:05:00;0.30;max
2012-05-15 12:35:00;-0.02;min
2012-05-15 19:50:00;0.71;max
2012-05-16 02:35:00;0.08;min
2012-05-16 07:20:00;0.37;max
2012-05-16 13:15:00;-0.12;min
2012-05-16 19:55:00;0.52;max
2012-05-17 02:50:00;-0.29;min
2012-05-17 10:25:00;0.39;max
2012-05-17 14:50:00;0.05;min
2012-05-17 20:50:00;0.55;max
2012-05-18 03:35:00;-0.27;min
2012-05-18 09:55:00;0.55;max
2012-05-18 15:10:00;-0.02;min
2012-05-18 21:00:00;0.59;max
2012-05-19 03:45:00;-0.24;min
2012-05-19 10:05:00;0.51;max
2012-05-19 15:15:00;-0.02;min
2012-05-19 21:45:00;0.65;max
2012-05-20 04:30:00;-0.18;min
2012-05-20 10:35:00;0.48;max
2012-05-20 15:15:00;0.06;min
2012-05-20 22:05:00;0.67;max
2012-05-21 05:15:00;-0.23;min
2012-05-21 12:35:00;0.68;max
2012-05-21 17:25:00;0.49;min
2012-05-21 21:50:00;0.82;max
2012-05-22 05:35:00;-0.28;min
2012-05-22 12:30:00;0.74;max
2012-05-22 17:40:00;0.37;min
2012-05-22 22:15:00;0.72;max
2012-05-23 05:35:00;-0.24;min
2012-05-23 12:35:00;0.69;max
2012-05-23 18:10:00;0.23;min
2012-05-23 22:45:00;0.58;max
2012-05-24 05:35:00;-0.18;min
2012-05-24 12:55:00;0.57;max
2012-05-24 18:30:00;0.13;min
2012-05-24 23:55:00;0.57;max
2012-05-25 07:20:00;-0.11;min
2012-05-25 13:45:00;0.49;max
2012-05-25 18:30:00;0.16;min
2012-05-26 00:25:00;0.60;max
2012-05-26 07:45:00;-0.14;min
2012-05-26 15:05:00;0.48;max
2012-05-26 19:15:00;0.26;min
2012-05-27 00:20:00;0.57;max
2012-05-27 08:15:00;-0.13;min
2012-05-27 16:05:00;0.55;max
2012-05-27 21:20:00;0.33;min
2012-05-28 00:40:00;0.41;max
2012-05-28 08:55:00;-0.06;min
2012-05-28 17:40:00;0.64;max
2012-05-29 01:25:00;0.16;min
2012-05-29 04:10:00;0.22;max
2012-05-29 10:25:00;0.00;min
2012-05-29 17:40:00;0.72;max
2012-05-30 01:25:00;0.03;min
2012-05-30 06:30:00;0.30;max
2012-05-30 11:20:00;0.02;min
2012-05-30 18:20:00;0.72;max
2012-05-31 01:45:00;-0.10;min
2012-05-31 08:15:00;0.31;max
2012-05-31 12:40:00;0.10;min
2012-05-31 19:15:00;0.66;max
2012-06-01 02:55:00;-0.21;min
2012-06-01 09:15:00;0.49;max
2012-06-01 14:00:00;0.12;min
2012-06-01 20:10:00;0.82;max
2012-06-02 03:30:00;-0.22;min
2012-06-02 09:55:00;0.53;max
2012-06-02 14:20:00;0.16;min
2012-06-02 20:50:00;0.86;max
2012-06-03 04:15:00;-0.27;min
2012-06-03 11:05:00;0.55;max
2012-06-03 15:15:00;0.23;min
2012-06-03 21:35:00;0.90;max
2012-06-04 04:50:00;-0.29;min
2012-06-04 11:35:00;0.63;max
2012-06-04 16:00:00;0.30;min
2012-06-04 22:00:00;0.83;max
2012-06-05 05:25:00;-0.42;min
2012-06-05 12:35:00;0.62;max
2012-06-05 17:35:00;0.25;min
2012-06-05 22:20:00;0.74;max
2012-06-06 06:05:00;-0.34;min
2012-06-06 13:10:00;0.69;max
2012-06-06 18:25:00;0.21;min
2012-06-06 23:15:00;0.68;max
2012-06-07 06:25:00;-0.28;min
2012-06-07 13:50:00;0.59;max
2012-06-07 18:30:00;0.21;min
2012-06-07 23:55:00;0.62;max
2012-06-08 07:10:00;-0.21;min
2012-06-08 14:35:00;0.58;max
2012-06-08 19:50:00;0.23;min
2012-06-09 00:40:00;0.56;max
2012-06-09 07:40:00;-0.19;min
2012-06-09 15:30:00;0.63;max
2012-06-09 20:45:00;0.29;min
2012-06-10 01:05:00;0.50;max
2012-06-10 07:20:00;-0.07;min
2012-06-10 16:05:00;0.64;max
2012-06-10 23:00:00;0.20;min
2012-06-11 01:50:00;0.29;max
2012-06-11 08:25:00;0.04;min
2012-06-11 17:10:00;0.70;max
2012-06-12 01:05:00;0.19;min
2012-06-12 06:15:00;0.30;max
2012-06-12 09:30:00;0.20;min
2012-06-12 18:35:00;0.70;max
2012-06-13 01:50:00;0.03;min
2012-06-13 07:30:00;0.24;max
2012-06-13 09:20:00;0.22;min
2012-06-13 19:15:00;0.63;max
2012-06-14 02:30:00;-0.10;min
2012-06-14 08:25:00;0.33;max
2012-06-14 12:35:00;0.12;min
2012-06-14 19:10:00;0.65;max
2012-06-15 02:40:00;-0.20;min
2012-06-15 08:55:00;0.33;max
2012-06-15 13:20:00;0.10;min
2012-06-15 19:35:00;0.54;max
2012-06-16 03:15:00;-0.27;min
2012-06-16 09:55:00;0.34;max
2012-06-16 14:20:00;0.09;min
2012-06-16 20:35:00;0.57;max
2012-06-17 03:45:00;-0.29;min
2012-06-17 10:15:00;0.40;max
2012-06-17 15:05:00;0.07;min
2012-06-17 21:05:00;0.63;max
2012-06-18 04:20:00;-0.34;min
2012-06-18 11:00:00;0.45;max
2012-06-18 15:50:00;0.09;min
2012-06-18 21:40:00;0.67;max
2012-06-19 04:50:00;-0.35;min
2012-06-19 11:10:00;0.45;max
2012-06-19 16:05:00;0.09;min
2012-06-19 22:05:00;0.67;max
2012-06-20 05:15:00;-0.35;min
2012-06-20 12:00:00;0.49;max
2012-06-20 16:25:00;0.12;min
2012-06-20 22:50:00;0.69;max
2012-06-21 05:50:00;-0.29;min
2012-06-21 12:25:00;0.58;max
2012-06-21 17:25:00;0.23;min
2012-06-21 23:05:00;0.73;max
2012-06-22 06:20:00;-0.29;min
2012-06-22 13:10:00;0.55;max
2012-06-22 18:30:00;0.18;min
2012-06-22 23:25:00;0.65;max
2012-06-23 06:55:00;-0.24;min
2012-06-23 13:55:00;0.64;max
2012-06-23 18:45:00;0.19;min
2012-06-24 00:05:00;0.58;max
2012-06-24 07:05:00;-0.25;min
2012-06-24 14:25:00;0.60;max
2012-06-24 19:55:00;0.20;min
2012-06-25 00:55:00;0.51;max
2012-06-25 07:10:00;-0.12;min
2012-06-25 15:20:00;0.67;max
2012-06-25 20:50:00;0.27;min
2012-06-26 01:00:00;0.42;max
2012-06-26 08:35:00;-0.04;min
2012-06-26 16:20:00;0.64;max
2012-06-26 23:20:00;0.11;min
2012-06-27 04:05:00;0.22;max
2012-06-27 09:10:00;0.02;min
2012-06-27 16:40:00;0.66;max
2012-06-28 00:05:00;-0.02;min
2012-06-28 06:10:00;0.24;max
2012-06-28 10:30:00;0.17;min
2012-06-28 17:05:00;0.68;max
2012-06-29 01:15:00;-0.08;min
2012-06-29 08:10:00;0.38;max
2012-06-29 12:00:00;0.23;min
2012-06-29 18:50:00;0.70;max
2012-06-30 02:30:00;-0.16;min
2012-06-30 09:10:00;0.47;max
2012-06-30 13:35:00;0.22;min
2012-06-30 19:35:00;0.72;max
2012-07-01 03:25:00;-0.23;min
2012-07-01 10:15:00;0.55;max
2012-07-01 14:35:00;0.21;min
2012-07-01 20:40:00;0.78;max
2012-07-02 04:00:00;-0.26;min
2012-07-02 10:40:00;0.59;max
2012-07-02 15:05:00;0.27;min
2012-07-02 21:20:00;0.87;max
2012-07-03 04:50:00;-0.25;min
2012-07-03 11:40:00;0.61;max
2012-07-03 16:15:00;0.23;min
2012-07-03 22:00:00;0.83;max
2012-07-04 05:20:00;-0.34;min
2012-07-04 12:10:00;0.63;max
2012-07-04 17:00:00;0.18;min
2012-07-04 22:55:00;0.79;max
2012-07-05 05:55:00;-0.33;min
2012-07-05 12:40:00;0.65;max
2012-07-05 17:50:00;0.19;min
2012-07-05 23:20:00;0.74;max
2012-07-06 06:20:00;-0.27;min
2012-07-06 13:15:00;0.72;max
2012-07-06 18:40:00;0.18;min
2012-07-06 23:50:00;0.69;max
2012-07-07 06:40:00;-0.22;min
2012-07-07 14:00:00;0.70;max
2012-07-07 19:40:00;0.20;min
2012-07-08 00:30:00;0.54;max
2012-07-08 07:00:00;-0.16;min
2012-07-08 14:35:00;0.67;max
2012-07-08 20:20:00;0.20;min
2012-07-09 01:05:00;0.49;max
2012-07-09 07:05:00;-0.05;min
2012-07-09 15:15:00;0.66;max
2012-07-09 21:20:00;0.26;min
2012-07-10 01:30:00;0.44;max
2012-07-10 07:55:00;0.03;min
2012-07-10 16:05:00;0.67;max
2012-07-10 22:40:00;0.26;min
2012-07-11 02:50:00;0.36;max
2012-07-11 07:20:00;0.08;min
2012-07-11 17:05:00;0.68;max
2012-07-11 23:55:00;0.23;min
2012-07-12 01:30:00;0.29;max
2012-07-12 03:30:00;0.15;min
2012-07-12 05:45:00;0.28;max
2012-07-12 07:40:00;0.21;min
2012-07-12 18:10:00;0.64;max
2012-07-13 02:05:00;0.04;min
2012-07-13 08:35:00;0.43;max
2012-07-13 11:25:00;0.35;min
2012-07-13 19:00:00;0.77;max
2012-07-14 02:55:00;-0.09;min
2012-07-14 09:55:00;0.46;max
2012-07-14 13:00:00;0.36;min
2012-07-14 19:00:00;0.80;max
2012-07-15 03:05:00;-0.11;min
2012-07-15 10:10:00;0.53;max
2012-07-15 14:25:00;0.33;min
2012-07-15 20:20:00;0.68;max
2012-07-16 03:55:00;-0.20;min
2012-07-16 10:50:00;0.56;max
2012-07-16 15:25:00;0.15;min
2012-07-16 21:15:00;0.59;max
2012-07-17 03:55:00;-0.33;min
2012-07-17 10:40:00;0.56;max
2012-07-17 15:35:00;0.08;min
2012-07-17 21:10:00;0.54;max
2012-07-18 04:05:00;-0.36;min
2012-07-18 10:55:00;0.57;max
2012-07-18 16:30:00;0.05;min
2012-07-18 21:55:00;0.53;max
2012-07-19 04:35:00;-0.28;min
2012-07-19 11:30:00;0.62;max
2012-07-19 16:55:00;0.07;min
2012-07-19 23:00:00;0.68;max
2012-07-20 05:35:00;-0.18;min
2012-07-20 12:05:00;0.60;max
2012-07-20 17:20:00;0.07;min
2012-07-20 23:30:00;0.78;max
2012-07-21 06:35:00;-0.23;min
2012-07-21 12:15:00;0.54;max
2012-07-21 17:25:00;0.03;min
2012-07-21 23:55:00;0.76;max
2012-07-22 06:55:00;-0.32;min
2012-07-22 13:55:00;0.67;max
2012-07-22 18:45:00;0.23;min
2012-07-22 23:45:00;0.60;max
2012-07-23 06:55:00;-0.29;min
2012-07-23 13:55:00;0.81;max
2012-07-23 20:05:00;0.17;min
2012-07-24 00:35:00;0.45;max
2012-07-24 06:50:00;-0.13;min
2012-07-24 13:50:00;0.77;max
2012-07-24 21:35:00;0.13;min
2012-07-25 01:40:00;0.34;max
2012-07-25 06:40:00;0.10;min
2012-07-25 14:40:00;0.71;max
2012-07-25 22:20:00;0.03;min
2012-07-26 04:25:00;0.30;max
2012-07-26 09:10:00;0.14;min
2012-07-26 15:25:00;0.63;max
2012-07-26 23:30:00;-0.04;min
2012-07-27 06:10:00;0.28;max
2012-07-27 10:25:00;0.20;min
2012-07-27 17:05:00;0.56;max
2012-07-28 00:55:00;-0.01;min
2012-07-28 08:15:00;0.39;max
2012-07-28 12:25:00;0.27;min
2012-07-28 18:35:00;0.68;max
2012-07-29 02:20:00;-0.03;min
2012-07-29 08:50:00;0.52;max
2012-07-29 13:25:00;0.26;min
2012-07-29 19:30:00;0.80;max
2012-07-30 03:15:00;-0.17;min
2012-07-30 10:00:00;0.54;max
2012-07-30 14:25:00;0.20;min
2012-07-30 20:30:00;0.75;max
2012-07-31 03:55:00;-0.31;min
2012-07-31 10:45:00;0.58;max
2012-07-31 15:45:00;0.16;min
2012-07-31 21:15:00;0.71;max
2012-08-01 04:20:00;-0.34;min
2012-08-01 11:20:00;0.65;max
2012-08-01 16:35:00;0.13;min
2012-08-01 22:00:00;0.69;max
2012-08-02 04:50:00;-0.31;min
2012-08-02 11:50:00;0.73;max
2012-08-02 17:25:00;0.08;min
2012-08-02 22:45:00;0.72;max
2012-08-03 05:15:00;-0.22;min
2012-08-03 12:00:00;0.75;max
2012-08-03 17:45:00;0.08;min
2012-08-03 23:20:00;0.71;max
2012-08-04 05:55:00;-0.19;min
2012-08-04 12:30:00;0.71;max
2012-08-04 18:05:00;0.12;min
2012-08-04 23:50:00;0.67;max
2012-08-05 06:15:00;-0.12;min
2012-08-05 13:10:00;0.74;max
2012-08-05 19:00:00;0.16;min
2012-08-06 00:15:00;0.64;max
2012-08-06 06:30:00;-0.09;min
2012-08-06 13:30:00;0.71;max
2012-08-06 19:25:00;0.20;min
2012-08-07 00:25:00;0.53;max
2012-08-07 06:40:00;-0.10;min
2012-08-07 13:35:00;0.59;max
2012-08-07 19:45:00;0.13;min
2012-08-08 00:45:00;0.37;max
2012-08-08 06:45:00;-0.01;min
2012-08-08 14:10:00;0.53;max
2012-08-08 20:55:00;0.10;min
2012-08-09 02:25:00;0.34;max
2012-08-09 07:25:00;0.09;min
2012-08-09 15:00:00;0.59;max
2012-08-09 23:20:00;0.07;min
2012-08-10 02:35:00;0.20;max
2012-08-10 05:55:00;0.13;min
2012-08-10 15:30:00;0.54;max
2012-08-10 23:10:00;0.00;min
2012-08-11 16:40:00;0.53;max
2012-08-12 01:30:00;-0.07;min
2012-08-12 09:40:00;0.55;max
2012-08-12 15:15:00;0.36;min
2012-08-12 18:55:00;0.46;max
2012-08-13 02:05:00;-0.10;min
2012-08-13 09:10:00;0.63;max
2012-08-13 14:50:00;0.23;min
2012-08-13 20:30:00;0.59;max
2012-08-14 02:55:00;-0.08;min
2012-08-14 09:30:00;0.60;max
2012-08-14 14:40:00;0.17;min
2012-08-14 20:35:00;0.64;max
2012-08-15 03:45:00;-0.13;min
2012-08-15 10:00:00;0.57;max
2012-08-15 15:05:00;0.13;min
2012-08-15 21:25:00;0.75;max
2012-08-16 04:20:00;-0.19;min
2012-08-16 10:40:00;0.63;max
2012-08-16 15:55:00;0.13;min
2012-08-16 22:05:00;0.78;max
2012-08-17 05:00:00;-0.28;min
2012-08-17 11:20:00;0.64;max
2012-08-17 16:45:00;0.08;min
2012-08-17 22:25:00;0.71;max
2012-08-18 05:00:00;-0.34;min
2012-08-18 11:45:00;0.69;max
2012-08-18 17:25:00;0.03;min
2012-08-18 22:55:00;0.61;max
2012-08-19 05:25:00;-0.28;min
2012-08-19 12:10:00;0.73;max
2012-08-19 18:10:00;-0.01;min
2012-08-19 23:50:00;0.54;max
2012-08-20 05:45:00;-0.21;min
2012-08-20 12:35:00;0.73;max
2012-08-20 18:40:00;-0.06;min
2012-08-21 00:25:00;0.53;max
2012-08-21 06:15:00;-0.10;min
2012-08-21 12:45:00;0.72;max
2012-08-21 19:10:00;-0.05;min
2012-08-22 01:05:00;0.47;max
2012-08-22 06:45:00;-0.01;min
2012-08-22 13:30:00;0.69;max
2012-08-22 19:55:00;0.02;min
2012-08-23 01:40:00;0.45;max
2012-08-23 07:10:00;0.08;min
2012-08-23 13:45:00;0.64;max
2012-08-23 21:05:00;0.08;min
2012-08-24 02:50:00;0.37;max
2012-08-24 07:20:00;0.19;min
2012-08-24 14:55:00;0.66;max
2012-08-24 22:10:00;0.15;min
2012-08-25 08:00:00;0.38;max
2012-08-25 09:20:00;0.36;min
2012-08-25 17:05:00;0.66;max
2012-08-26 01:50:00;0.07;min
2012-08-26 09:50:00;0.52;max
2012-08-26 12:15:00;0.32;min
2012-08-26 17:30:00;0.73;max
2012-08-27 03:20:00;-0.18;min
2012-08-27 08:10:00;0.60;max
2012-08-27 13:45:00;0.09;min
2012-08-27 18:30:00;0.53;max
2012-08-28 02:35:00;-0.22;min
2012-08-28 09:25:00;0.59;max
2012-08-28 15:30:00;0.21;min
2012-08-28 20:20:00;0.57;max
2012-08-29 03:10:00;-0.18;min
2012-08-29 10:20:00;0.69;max
2012-08-29 16:15:00;0.03;min
2012-08-29 21:45:00;0.61;max
2012-08-30 04:00:00;-0.23;min
2012-08-30 10:25:00;0.70;max
2012-08-30 16:25:00;-0.03;min
2012-08-30 22:10:00;0.70;max
2012-08-31 04:15:00;-0.13;min
2012-08-31 11:05:00;0.78;max
2012-08-31 16:15:00;0.12;min
2012-08-31 22:00:00;0.81;max
2012-09-01 05:00:00;-0.14;min
2012-09-01 11:15:00;0.72;max
2012-09-01 17:45:00;0.08;min
2012-09-01 23:20:00;0.78;max
2012-09-02 05:35:00;-0.20;min
2012-09-02 12:10:00;0.73;max
2012-09-02 18:00:00;-0.03;min
2012-09-02 23:40:00;0.62;max
2012-09-03 05:20:00;-0.11;min
2012-09-03 11:30:00;0.83;max
2012-09-03 18:35:00;-0.06;min
2012-09-04 00:00:00;0.49;max
2012-09-04 05:40:00;-0.06;min
2012-09-04 12:50:00;0.78;max
2012-09-04 19:55:00;-0.02;min
2012-09-05 01:05:00;0.48;max
2012-09-05 05:45:00;0.11;min
2012-09-05 13:00:00;0.68;max
2012-09-05 19:35:00;-0.02;min
2012-09-06 01:50:00;0.47;max
2012-09-06 06:55:00;0.09;min
2012-09-06 13:00:00;0.67;max
2012-09-06 20:15:00;-0.03;min
2012-09-07 01:35:00;0.37;max
2012-09-07 06:15:00;0.13;min
2012-09-07 12:55:00;0.52;max
2012-09-07 20:35:00;0.02;min
2012-09-08 03:15:00;0.20;max
2012-09-08 05:55:00;0.17;min
2012-09-08 12:15:00;0.48;max
2012-09-08 23:55:00;0.02;min
2012-09-09 07:45:00;0.37;max
2012-09-09 10:30:00;0.34;min
2012-09-09 15:30:00;0.44;max
2012-09-10 00:35:00;0.00;min
2012-09-10 08:35:00;0.45;max
2012-09-10 13:20:00;0.31;min
2012-09-10 18:15:00;0.46;max
2012-09-11 01:55:00;-0.03;min
2012-09-11 08:40:00;0.51;max
2012-09-11 14:05:00;0.22;min
2012-09-11 20:00:00;0.55;max
2012-09-12 02:45:00;-0.06;min
2012-09-12 09:20:00;0.64;max
2012-09-12 14:25:00;0.21;min
2012-09-12 21:15:00;0.85;max
2012-09-13 03:30:00;-0.10;min
2012-09-13 09:30:00;0.68;max
2012-09-13 14:55:00;0.11;min
2012-09-13 20:50:00;0.87;max
2012-09-14 03:45:00;-0.08;min
2012-09-14 10:40:00;0.74;max
2012-09-14 15:25:00;0.34;min
2012-09-14 21:00:00;0.93;max
2012-09-15 04:10:00;-0.11;min
2012-09-15 10:50:00;0.86;max
2012-09-15 17:25:00;0.16;min
2012-09-15 22:15:00;0.64;max
2012-09-16 04:40:00;-0.19;min
2012-09-16 11:35:00;0.92;max
2012-09-16 18:00:00;-0.05;min
2012-09-16 23:10:00;0.62;max
2012-09-17 04:45:00;-0.13;min
2012-09-17 11:35:00;0.93;max
2012-09-17 18:00:00;-0.12;min
2012-09-17 23:50:00;0.59;max
2012-09-18 05:15:00;0.02;min
2012-09-18 11:40:00;0.87;max
2012-09-18 18:10:00;-0.13;min
2012-09-19 00:35:00;0.61;max
2012-09-19 05:55:00;0.14;min
2012-09-19 12:10:00;0.82;max
2012-09-19 19:10:00;-0.04;min
2012-09-20 01:35:00;0.66;max
2012-09-20 07:45:00;0.16;min
2012-09-20 12:35:00;0.65;max
2012-09-20 19:50:00;-0.10;min
2012-09-21 02:00:00;0.49;max
2012-09-21 06:55:00;0.14;min
2012-09-21 12:50:00;0.57;max
2012-09-21 20:10:00;0.00;min
2012-09-22 03:25:00;0.37;max
2012-09-22 06:55:00;0.28;min
2012-09-22 14:00:00;0.56;max
2012-09-22 22:05:00;0.10;min
2012-09-23 08:10:00;0.44;max
2012-09-23 11:20:00;0.38;min
2012-09-23 17:20:00;0.51;max
2012-09-24 00:35:00;0.04;min
2012-09-24 08:40:00;0.59;max
2012-09-24 13:25:00;0.41;min
2012-09-24 17:35:00;0.82;max
2012-09-25 01:55:00;0.09;min
2012-09-25 08:35:00;0.62;max
2012-09-25 13:35:00;0.15;min
2012-09-25 19:45:00;0.77;max
2012-09-26 02:35:00;-0.03;min
2012-09-26 08:55:00;0.69;max
2012-09-26 14:05:00;0.29;min
2012-09-26 20:00:00;0.76;max
2012-09-27 02:35:00;0.07;min
2012-09-27 09:45:00;0.89;max
2012-09-27 16:00:00;0.20;min
2012-09-27 21:30:00;0.64;max
2012-09-28 03:20:00;-0.09;min
2012-09-28 10:05:00;0.81;max
2012-09-28 16:30:00;-0.08;min
2012-09-28 22:05:00;0.60;max
2012-09-29 03:45:00;-0.07;min
2012-09-29 10:20:00;0.82;max
2012-09-29 16:50:00;-0.11;min
2012-09-29 22:40:00;0.72;max
2012-09-30 04:35:00;0.04;min
2012-09-30 10:55:00;0.79;max
2012-09-30 16:45:00;-0.08;min
2012-09-30 23:05:00;0.77;max
2012-10-01 04:30:00;0.16;min
2012-10-01 10:40:00;0.82;max
2012-10-01 17:35:00;-0.05;min
2012-10-01 23:30:00;0.74;max
2012-10-02 05:20:00;0.09;min
2012-10-02 11:05:00;0.80;max
2012-10-02 17:40:00;-0.01;min
2012-10-03 00:10:00;0.67;max
2012-10-03 05:30:00;0.11;min
2012-10-03 11:35:00;0.76;max
2012-10-03 18:20:00;-0.03;min
2012-10-04 00:30:00;0.59;max
2012-10-04 05:55:00;0.12;min
2012-10-04 12:10:00;0.71;max
2012-10-04 18:45:00;-0.03;min
2012-10-05 00:45:00;0.53;max
2012-10-05 05:55:00;0.15;min
2012-10-05 12:00:00;0.61;max
2012-10-05 19:05:00;-0.01;min
2012-10-06 01:05:00;0.42;max
2012-10-06 05:45:00;0.25;min
2012-10-06 12:15:00;0.54;max
2012-10-06 19:55:00;0.11;min
2012-10-07 02:50:00;0.41;max
2012-10-07 07:20:00;0.32;min
2012-10-07 12:55:00;0.53;max
2012-10-07 22:25:00;0.18;min
2012-10-08 05:20:00;0.50;max
2012-10-08 09:35:00;0.35;min
2012-10-08 15:15:00;0.43;max
2012-10-08 23:45:00;0.06;min
2012-10-09 08:40:00;0.53;max
2012-10-09 14:10:00;0.43;min
2012-10-09 18:00:00;0.51;max
2012-10-10 01:05:00;0.00;min
2012-10-10 08:10:00;0.65;max
2012-10-10 14:00:00;0.29;min
2012-10-10 19:20:00;0.52;max
2012-10-11 01:50:00;-0.01;min
2012-10-11 08:35:00;0.73;max
2012-10-11 14:30:00;0.14;min
2012-10-11 20:15:00;0.59;max
2012-10-12 02:10:00;0.06;min
2012-10-12 08:55:00;0.87;max
2012-10-12 15:15:00;0.16;min
2012-10-12 20:50:00;0.67;max
2012-10-13 03:00:00;0.02;min
2012-10-13 09:20:00;0.89;max
2012-10-13 15:40:00;0.06;min
2012-10-13 21:30:00;0.73;max
2012-10-14 03:20:00;0.09;min
2012-10-14 09:50:00;0.96;max
2012-10-14 16:10:00;-0.03;min
2012-10-14 22:35:00;0.85;max
2012-10-15 04:00:00;0.26;min
2012-10-15 10:35:00;1.05;max
2012-10-15 16:45:00;0.09;min
2012-10-15 23:10:00;0.98;max
2012-10-16 04:50:00;0.23;min
2012-10-16 11:05:00;0.91;max
2012-10-16 17:15:00;-0.01;min
2012-10-16 23:40:00;0.83;max
2012-10-17 05:25:00;0.08;min
2012-10-17 11:35:00;0.85;max
2012-10-17 18:10:00;-0.07;min
2012-10-18 00:10:00;0.67;max
2012-10-18 05:45:00;0.08;min
2012-10-18 11:55:00;0.82;max
2012-10-18 18:40:00;-0.11;min
2012-10-19 00:50:00;0.49;max
2012-10-19 06:00:00;0.14;min
2012-10-19 12:15:00;0.73;max
2012-10-19 19:35:00;-0.12;min
2012-10-20 02:20:00;0.43;max
2012-10-20 06:35:00;0.24;min
2012-10-20 12:25:00;0.64;max
2012-10-20 20:15:00;-0.09;min
2012-10-21 04:55:00;0.46;max
2012-10-21 09:00:00;0.38;min
2012-10-21 13:35:00;0.52;max
2012-10-21 21:10:00;0.01;min
2012-10-22 06:55:00;0.62;max
2012-10-22 13:40:00;0.36;min
2012-10-22 15:10:00;0.39;max
2012-10-22 23:10:00;0.08;min
2012-10-23 06:50:00;0.66;max
2012-10-23 13:35:00;0.21;min
2012-10-23 18:30:00;0.45;max
2012-10-24 00:15:00;0.11;min
2012-10-24 07:35:00;0.72;max
2012-10-24 14:05:00;0.16;min
2012-10-24 19:35:00;0.56;max
2012-10-25 01:20:00;0.11;min
2012-10-25 08:05:00;0.76;max
2012-10-25 14:35:00;0.11;min
2012-10-25 20:25:00;0.63;max
2012-10-26 02:10:00;0.14;min
2012-10-26 09:00:00;0.83;max
2012-10-26 15:10:00;0.14;min
2012-10-26 21:40:00;0.89;max
2012-10-27 02:55:00;0.46;min
2012-10-27 09:05:00;1.27;max
2012-10-27 15:30:00;0.31;min
2012-10-27 21:45:00;0.92;max
2012-10-28 02:35:00;0.52;min
2012-10-28 09:20:00;1.23;max
2012-10-28 16:35:00;0.31;min
2012-10-28 22:35:00;1.03;max
2012-10-29 04:35:00;0.50;min
2012-10-29 10:40:00;1.03;max
2012-10-29 17:10:00;0.13;min
2012-10-29 23:05:00;0.86;max
2012-10-30 04:25:00;0.22;min
2012-10-30 10:50:00;1.00;max
2012-10-30 17:20:00;0.06;min
2012-10-30 23:05:00;0.77;max
2012-10-31 04:30:00;0.27;min
2012-10-31 11:00:00;1.05;max
2012-10-31 17:10:00;0.27;min
2012-11-01 01:40:00;1.43;max
2012-11-01 06:45:00;1.17;min
2012-11-01 10:20:00;1.38;max
2012-11-01 18:15:00;-0.02;min
2012-11-02 02:35:00;1.12;max
2012-11-02 07:05:00;0.83;min
2012-11-02 10:05:00;0.94;max
2012-11-02 17:55:00;0.07;min
2012-11-03 01:35:00;1.08;max
2012-11-03 07:25:00;0.50;min
2012-11-03 11:40:00;0.71;max
2012-11-03 18:05:00;0.25;min
2012-11-04 00:55:00;0.89;max
2012-11-04 07:20:00;0.41;min
2012-11-04 14:10:00;0.92;max
2012-11-04 19:25:00;0.59;min
2012-11-05 01:40:00;1.10;max
2012-11-05 07:45:00;0.77;min
2012-11-05 13:20:00;1.05;max
2012-11-05 21:45:00;0.30;min
2012-11-06 04:15:00;0.66;max
2012-11-06 07:25:00;0.59;min
2012-11-06 13:25:00;0.86;max
2012-11-06 23:15:00;0.19;min
2012-11-07 06:15:00;0.70;max
2012-11-07 15:05:00;0.45;min
2012-11-07 16:00:00;0.49;max
2012-11-07 23:15:00;0.02;min
2012-11-08 07:15:00;0.71;max
2012-11-08 13:50:00;0.24;min
2012-11-08 18:30:00;0.37;max
2012-11-09 00:15:00;0.07;min
2012-11-09 07:25:00;0.81;max
2012-11-09 14:25:00;-0.01;min
2012-11-09 19:55:00;0.40;max
2012-11-10 00:50:00;0.05;min
2012-11-10 07:40:00;0.81;max
2012-11-10 14:45:00;-0.04;min
2012-11-10 21:25:00;0.70;max
2012-11-11 01:50:00;0.51;min
2012-11-11 09:25:00;1.49;max
2012-11-11 16:05:00;0.56;min
2012-11-11 21:20:00;0.99;max
2012-11-12 03:40:00;0.25;min
2012-11-12 09:15:00;1.02;max
2012-11-12 16:30:00;-0.12;min
2012-11-12 22:10:00;0.67;max
2012-11-13 03:30:00;0.00;min
2012-11-13 09:30:00;0.85;max
2012-11-13 16:45:00;-0.30;min
2012-11-13 22:35:00;0.51;max
2012-11-14 03:55:00;0.03;min
2012-11-14 10:15:00;0.86;max
2012-11-14 17:35:00;-0.27;min
2012-11-15 00:15:00;0.54;max
2012-11-15 04:50:00;0.13;min
2012-11-15 10:45:00;0.84;max
2012-11-15 18:00:00;-0.33;min
2012-11-16 00:55:00;0.52;max
2012-11-16 05:25:00;0.19;min
2012-11-16 11:20:00;0.70;max
2012-11-16 18:40:00;-0.37;min
2012-11-17 01:35:00;0.53;max
2012-11-17 06:15:00;0.17;min
2012-11-17 11:40:00;0.58;max
2012-11-17 18:50:00;-0.26;min
2012-11-18 02:00:00;0.51;max
2012-11-18 08:00:00;0.22;min
2012-11-18 12:35:00;0.46;max
2012-11-18 19:40:00;-0.13;min
2012-11-19 03:40:00;0.54;max
2012-11-19 09:10:00;0.28;min
2012-11-19 13:55:00;0.51;max
2012-11-19 20:25:00;0.02;min
2012-11-20 04:45:00;0.60;max
2012-11-20 10:25:00;0.35;min
2012-11-20 13:15:00;0.41;max
2012-11-20 22:20:00;0.07;min
2012-11-21 06:00:00;0.61;max
2012-11-21 13:05:00;0.20;min
2012-11-21 17:40:00;0.31;max
2012-11-21 23:20:00;0.07;min
2012-11-22 06:45:00;0.65;max
2012-11-22 14:00:00;0.05;min
2012-11-22 19:10:00;0.35;max
2012-11-23 00:00:00;0.10;min
2012-11-23 06:55:00;0.68;max
2012-11-23 14:20:00;-0.03;min
2012-11-23 20:20:00;0.41;max
2012-11-24 01:15:00;0.13;min
2012-11-24 07:35:00;0.65;max
2012-11-24 14:40:00;-0.16;min
2012-11-24 21:05:00;0.45;max
2012-11-25 02:00:00;0.11;min
2012-11-25 08:25:00;0.65;max
2012-11-25 15:30:00;-0.18;min
2012-11-25 21:35:00;0.51;max
2012-11-26 02:40:00;0.10;min
2012-11-26 08:45:00;0.73;max
2012-11-26 15:50:00;-0.18;min
2012-11-26 22:15:00;0.59;max
2012-11-27 03:10:00;0.20;min
2012-11-27 09:40:00;0.80;max
2012-11-27 15:40:00;0.04;min
2012-11-27 22:55:00;0.87;max
2012-11-28 03:40:00;0.48;min
2012-11-28 09:40:00;1.03;max
2012-11-28 16:40:00;0.28;min
2012-11-28 22:20:00;1.27;max
2012-11-29 05:50:00;0.47;min
2012-11-29 11:15:00;0.86;max
2012-11-29 16:30:00;0.40;min
2012-11-29 23:10:00;1.08;max
2012-11-30 05:35:00;0.44;min
2012-11-30 11:35:00;1.07;max
2012-11-30 17:45:00;0.37;min
2012-11-30 23:30:00;0.80;max
2012-12-01 05:05:00;0.32;min
2012-12-01 12:10:00;1.04;max
2012-12-01 19:10:00;0.14;min
2012-12-02 01:00:00;0.71;max
2012-12-02 05:45:00;0.38;min
2012-12-02 11:45:00;0.96;max
2012-12-02 19:15:00;-0.03;min
2012-12-03 02:00:00;0.68;max
2012-12-03 06:10:00;0.48;min
2012-12-03 11:30:00;0.84;max
2012-12-03 19:40:00;-0.14;min
2012-12-04 04:20:00;0.73;max
2012-12-04 07:50:00;0.58;min
2012-12-04 12:15:00;0.80;max
2012-12-04 20:15:00;0.12;min
2012-12-05 03:00:00;0.82;max
2012-12-05 09:45:00;0.33;min
2012-12-05 15:40:00;0.57;max
2012-12-05 20:15:00;0.24;min
2012-12-06 03:40:00;0.81;max
2012-12-06 10:00:00;0.27;min
2012-12-06 15:00:00;0.52;max
2012-12-06 21:55:00;0.25;min
2012-12-07 04:35:00;0.71;max
2012-12-07 11:00:00;0.36;min
2012-12-07 18:00:00;0.59;max
2012-12-07 23:20:00;0.39;min
2012-12-08 06:25:00;0.82;max
2012-12-08 14:00:00;0.16;min
2012-12-08 20:15:00;0.47;max
2012-12-09 01:25:00;0.33;min
2012-12-09 07:10:00;0.77;max
2012-12-09 14:40:00;-0.14;min
2012-12-09 21:25:00;0.57;max
2012-12-10 01:10:00;0.29;min
2012-12-10 07:50:00;0.85;max
2012-12-10 15:10:00;-0.07;min
2012-12-10 21:30:00;0.71;max
2012-12-11 02:25:00;0.29;min
2012-12-11 08:15:00;0.88;max
2012-12-11 15:55:00;-0.21;min
2012-12-11 22:50:00;0.70;max
2012-12-12 04:05:00;0.32;min
2012-12-12 09:15:00;0.83;max
2012-12-12 16:25:00;-0.28;min
2012-12-12 23:15:00;0.72;max
2012-12-13 04:20:00;0.14;min
2012-12-13 10:15:00;0.79;max
2012-12-13 17:00:00;-0.24;min
2012-12-13 23:40:00;0.65;max
2012-12-14 05:00:00;0.12;min
2012-12-14 11:10:00;0.85;max
2012-12-14 17:50:00;-0.12;min
2012-12-15 00:25:00;0.67;max
2012-12-15 05:40:00;0.21;min
2012-12-15 12:00:00;0.99;max
2012-12-15 19:00:00;-0.07;min
2012-12-16 01:15:00;0.60;max
2012-12-16 06:30:00;0.16;min
2012-12-16 12:10:00;0.83;max
2012-12-16 19:25:00;-0.17;min
2012-12-17 02:15:00;0.61;max
2012-12-17 07:25:00;0.28;min
2012-12-17 12:30:00;0.71;max
2012-12-17 19:35:00;-0.20;min
2012-12-18 02:50:00;0.58;max
2012-12-18 08:45:00;0.20;min
2012-12-18 12:30:00;0.45;max
2012-12-18 19:35:00;-0.14;min
2012-12-19 04:10:00;0.56;max
2012-12-19 10:15:00;0.18;min
2012-12-19 13:10:00;0.29;max
2012-12-19 20:40:00;-0.06;min
2012-12-20 04:45:00;0.59;max
2012-12-20 12:00:00;0.10;min
2012-12-20 15:55:00;0.23;max
2012-12-20 21:15:00;0.05;min
2012-12-21 05:05:00;0.70;max
2012-12-21 12:50:00;0.12;min
2012-12-21 17:55:00;0.25;max
2012-12-21 20:30:00;0.22;min
2012-12-22 04:45:00;0.60;max
2012-12-22 14:20:00;-0.13;min
2012-12-22 22:25:00;0.37;max
2012-12-23 00:20:00;0.36;min
2012-12-23 07:15:00;0.70;max
2012-12-23 14:40:00;-0.13;min
2012-12-23 21:25:00;0.50;max
2012-12-24 01:55:00;0.27;min
2012-12-24 07:45:00;0.67;max
2012-12-24 15:05:00;-0.20;min
2012-12-24 21:25:00;0.56;max
2012-12-25 02:10:00;0.25;min
2012-12-25 08:05:00;0.67;max
2012-12-25 15:35:00;-0.13;min
2012-12-25 22:10:00;0.64;max
2012-12-26 03:15:00;0.28;min
2012-12-26 09:05:00;0.74;max
2012-12-26 16:15:00;-0.08;min
2012-12-26 22:25:00;0.65;max
2012-12-27 04:05:00;0.14;min
2012-12-27 09:30:00;0.66;max
2012-12-27 16:45:00;-0.11;min
2012-12-27 23:05:00;0.71;max
2012-12-28 04:50:00;0.19;min
2012-12-28 10:00:00;0.69;max
2012-12-28 17:25:00;-0.37;min
2012-12-29 00:10:00;0.51;max
2012-12-29 05:15:00;0.06;min
2012-12-29 10:40:00;0.57;max
2012-12-29 17:30:00;-0.44;min
2012-12-30 00:20:00;0.57;max
2012-12-30 05:30:00;0.10;min
2012-12-30 11:05:00;0.66;max
2012-12-30 17:50:00;-0.36;min
2012-12-31 00:30:00;0.52;max
2012-12-31 06:00:00;0.04;min
2012-12-31 11:30:00;0.51;max
2012-12-31 18:15:00;-0.30;min
