Data,Valore,Estremale,
01/01/2025 00:45,"0,5",50,MAX
01/01/2025 05:35,"0,11",11,MIN
01/01/2025 10:50,"0,6",60,MAX
01/01/2025 18:05,"-0,47",-47,MIN
02/01/2025 01:15,"0,52",52,MAX
02/01/2025 06:05,"0,09",9,MIN
02/01/2025 11:40,"0,61",61,MAX
02/01/2025 18:20,"-0,38",-38,MIN
03/01/2025 01:55,"0,66",66,MAX
03/01/2025 06:55,"0,22",22,MIN
03/01/2025 12:00,"0,6",60,MAX
03/01/2025 19:05,"-0,33",-33,MIN
04/01/2025 02:30,"0,53",53,MAX
04/01/2025 08:15,"0,06",6,MIN
04/01/2025 12:45,"0,48",48,MAX
04/01/2025 19:35,"-0,25",-25,MIN
05/01/2025 03:00,"0,6",60,MAX
05/01/2025 08:35,"0,15",15,MIN
05/01/2025 13:30,"0,47",47,MAX
05/01/2025 19:45,"-0,11",-11,MIN
06/01/2025 04:00,"0,7",70,MAX
06/01/2025 09:40,"0,21",21,MIN
06/01/2025 14:45,"0,45",45,MAX
06/01/2025 20:05,"0,1",10,MIN
07/01/2025 04:20,"0,83",83,MAX
07/01/2025 11:50,"0,29",29,MIN
07/01/2025 15:55,"0,43",43,MAX
07/01/2025 21:10,"0,26",26,MIN
08/01/2025 04:45,"0,81",81,MAX
08/01/2025 13:20,"0,12",12,MIN
08/01/2025 19:45,"0,47",47,MAX
08/01/2025 23:00,"0,39",39,MIN
09/01/2025 06:15,"0,86",86,MAX
09/01/2025 13:55,"0,18",18,MIN
09/01/2025 20:25,"0,62",62,MAX
10/01/2025 00:20,"0,47",47,MIN
10/01/2025 07:45,"0,82",82,MAX
10/01/2025 15:00,"0,03",3,MIN
10/01/2025 21:45,"0,59",59,MAX
11/01/2025 01:50,"0,37",37,MIN
11/01/2025 08:25,"0,91",91,MAX
11/01/2025 16:10,"-0,17",-17,MIN
11/01/2025 22:40,"0,6",60,MAX
12/01/2025 02:15,"0,38",38,MIN
12/01/2025 09:00,"0,83",83,MAX
12/01/2025 16:40,"-0,28",-28,MIN
12/01/2025 23:40,"0,62",62,MAX
13/01/2025 05:15,"0,28",28,MIN
13/01/2025 10:35,"0,84",84,MAX
13/01/2025 17:25,"-0,1",-10,MIN
14/01/2025 00:15,"0,71",71,MAX
14/01/2025 05:05,"0,21",21,MIN
14/01/2025 10:35,"0,72",72,MAX
14/01/2025 17:45,"-0,31",-31,MIN
15/01/2025 00:25,"0,63",63,MAX
15/01/2025 05:30,"0,14",14,MIN
15/01/2025 11:15,"0,72",72,MAX
15/01/2025 18:05,"-0,3",-30,MIN
16/01/2025 01:00,"0,66",66,MAX
16/01/2025 05:50,"0,23",23,MIN
16/01/2025 11:15,"0,69",69,MAX
16/01/2025 18:40,"-0,25",-25,MIN
17/01/2025 01:30,"0,59",59,MAX
17/01/2025 07:00,"0,07",7,MIN
17/01/2025 12:15,"0,54",54,MAX
17/01/2025 18:45,"-0,37",-37,MIN
18/01/2025 02:10,"0,52",52,MAX
18/01/2025 06:50,"0,07",7,MIN
18/01/2025 12:25,"0,5",50,MAX
18/01/2025 19:05,"-0,25",-25,MIN
19/01/2025 02:35,"0,58",58,MAX
19/01/2025 07:40,"0,15",15,MIN
19/01/2025 12:05,"0,45",45,MAX
19/01/2025 19:30,"-0,16",-16,MIN
20/01/2025 02:40,"0,57",57,MAX
20/01/2025 08:35,"0,11",11,MIN
20/01/2025 13:10,"0,34",34,MAX
20/01/2025 18:55,"-0,04",-4,MIN
21/01/2025 03:05,"0,63",63,MAX
21/01/2025 09:55,"0,13",13,MIN
21/01/2025 14:00,"0,29",29,MAX
21/01/2025 18:50,"0,09",9,MIN
22/01/2025 03:20,"0,56",56,MAX
22/01/2025 10:55,"0,13",13,MIN
22/01/2025 12:25,"0,16",16,MAX
22/01/2025 15:20,"0,13",13,MIN
23/01/2025 05:00,"0,63",63,MAX
23/01/2025 13:45,"0,16",16,MIN
24/01/2025 04:55,"0,58",58,MAX
24/01/2025 14:30,"-0,04",-4,MIN
24/01/2025 23:10,"0,47",47,MAX
25/01/2025 02:05,"0,39",39,MIN
25/01/2025 07:10,"0,57",57,MAX
25/01/2025 15:15,"-0,18",-18,MIN
25/01/2025 22:25,"0,55",55,MAX
26/01/2025 03:00,"0,32",32,MIN
26/01/2025 08:25,"0,7",70,MAX
26/01/2025 16:05,"-0,01",-1,MIN
26/01/2025 22:05,"0,68",68,MAX
27/01/2025 03:50,"0,19",19,MIN
27/01/2025 09:25,"0,73",73,MAX
27/01/2025 16:20,"-0,07",-7,MIN
27/01/2025 23:05,"0,82",82,MAX
28/01/2025 03:00,"0,5",50,MIN
28/01/2025 07:10,"0,91",91,MAX
28/01/2025 07:35,"0,83",83,MIN
28/01/2025 11:30,"0,91",91,MAX
28/01/2025 17:35,"0,12",12,MIN
28/01/2025 23:00,"0,81",81,MAX
29/01/2025 04:45,"0,24",24,MIN
29/01/2025 11:35,"0,79",79,MAX
29/01/2025 17:45,"-0,17",-17,MIN
30/01/2025 00:25,"0,68",68,MAX
30/01/2025 05:20,"0,2",20,MIN
30/01/2025 10:50,"0,89",89,MAX
30/01/2025 18:05,"-0,29",-29,MIN
31/01/2025 00:50,"0,65",65,MAX
31/01/2025 05:55,"0,19",19,MIN
31/01/2025 11:30,"0,73",73,MAX
31/01/2025 18:25,"-0,39",-39,MIN
01/02/2025 01:30,"0,69",69,MAX
01/02/2025 06:50,"0,1",10,MIN
01/02/2025 12:00,"0,61",61,MAX
01/02/2025 18:40,"-0,33",-33,MIN
02/02/2025 01:40,"0,7",70,MAX
02/02/2025 07:50,"-0,02",-2,MIN
02/02/2025 12:50,"0,5",50,MAX
02/02/2025 18:45,"-0,17",-17,MIN
03/02/2025 01:45,"0,74",74,MAX
03/02/2025 08:40,"-0,02",-2,MIN
03/02/2025 13:35,"0,4",40,MAX
03/02/2025 19:15,"-0,1",-10,MIN
04/02/2025 02:25,"0,66",66,MAX
04/02/2025 09:20,"-0,07",-7,MIN
04/02/2025 14:25,"0,31",31,MAX
04/02/2025 19:30,"-0,07",-7,MIN
05/02/2025 02:35,"0,56",56,MAX
05/02/2025 10:30,"-0,07",-7,MIN
05/02/2025 15:00,"0,13",13,MAX
05/02/2025 19:10,"0,02",2,MIN
06/02/2025 04:00,"0,44",44,MAX
06/02/2025 13:45,"-0,08",-8,MIN
07/02/2025 04:35,"0,45",45,MAX
07/02/2025 14:35,"-0,23",-23,MIN
07/02/2025 21:55,"0,31",31,MAX
08/02/2025 01:20,"0,22",22,MIN
08/02/2025 07:15,"0,43",43,MAX
08/02/2025 15:05,"-0,35",-35,MIN
08/02/2025 22:15,"0,43",43,MAX
09/02/2025 02:35,"0,18",18,MIN
09/02/2025 08:10,"0,52",52,MAX
09/02/2025 15:45,"-0,38",-38,MIN
09/02/2025 22:30,"0,47",47,MAX
10/02/2025 03:35,"0,06",6,MIN
10/02/2025 09:15,"0,54",54,MAX
10/02/2025 16:10,"-0,43",-43,MIN
10/02/2025 23:15,"0,51",51,MAX
11/02/2025 04:10,0,0,MIN
11/02/2025 09:45,"0,55",55,MAX
11/02/2025 16:30,"-0,44",-44,MIN
11/02/2025 23:10,"0,52",52,MAX
12/02/2025 04:25,"0,01",1,MIN
12/02/2025 10:20,"0,58",58,MAX
12/02/2025 17:10,"-0,36",-36,MIN
12/02/2025 23:50,"0,6",60,MAX
13/02/2025 05:20,"0,02",2,MIN
13/02/2025 10:50,"0,63",63,MAX
13/02/2025 17:30,"-0,29",-29,MIN
14/02/2025 00:15,"0,69",69,MAX
14/02/2025 05:50,"0,06",6,MIN
14/02/2025 11:40,"0,75",75,MAX
14/02/2025 17:45,"-0,08",-8,MIN
15/02/2025 00:20,"0,77",77,MAX
15/02/2025 06:35,"0,06",6,MIN
15/02/2025 11:50,"0,65",65,MAX
15/02/2025 18:20,"-0,07",-7,MIN
16/02/2025 00:30,"0,67",67,MAX
16/02/2025 06:45,"-0,06",-6,MIN
16/02/2025 12:45,"0,56",56,MAX
16/02/2025 18:40,"-0,08",-8,MIN
17/02/2025 00:50,"0,6",60,MAX
17/02/2025 06:55,"-0,01",-1,MIN
17/02/2025 12:55,"0,51",51,MAX
17/02/2025 18:35,"-0,05",-5,MIN
18/02/2025 01:25,"0,54",54,MAX
18/02/2025 07:50,"0,05",5,MIN
18/02/2025 12:30,"0,41",41,MAX
18/02/2025 18:35,"-0,02",-2,MIN
19/02/2025 02:10,"0,53",53,MAX
19/02/2025 08:20,"0,04",4,MIN
19/02/2025 13:05,"0,28",28,MAX
19/02/2025 18:45,"-0,02",-2,MIN
20/02/2025 02:10,"0,52",52,MAX
20/02/2025 09:30,"0,06",6,MIN
20/02/2025 12:40,"0,12",12,MAX
20/02/2025 17:05,"0,01",1,MIN
21/02/2025 01:40,"0,44",44,MAX
21/02/2025 14:20,"-0,06",-6,MIN
22/02/2025 03:50,"0,44",44,MAX
22/02/2025 14:10,"-0,17",-17,MIN
22/02/2025 21:45,"0,44",44,MAX
23/02/2025 02:25,"0,28",28,MIN
23/02/2025 06:15,"0,36",36,MAX
23/02/2025 13:55,"-0,24",-24,MIN
23/02/2025 22:00,"0,47",47,MAX
24/02/2025 03:00,"0,15",15,MIN
24/02/2025 07:45,"0,42",42,MAX
24/02/2025 15:05,"-0,26",-26,MIN
24/02/2025 21:40,"0,51",51,MAX
25/02/2025 03:25,"0,06",6,MIN
25/02/2025 08:40,"0,51",51,MAX
25/02/2025 15:50,"-0,27",-27,MIN
25/02/2025 22:40,"0,56",56,MAX
26/02/2025 04:00,"0,1",10,MIN
26/02/2025 09:45,"0,7",70,MAX
26/02/2025 16:25,"-0,22",-22,MIN
26/02/2025 23:10,"0,7",70,MAX
27/02/2025 04:40,"0,04",4,MIN
27/02/2025 10:35,"0,73",73,MAX
27/02/2025 16:55,"-0,27",-27,MIN
27/02/2025 23:25,"0,7",70,MAX
28/02/2025 05:10,"-0,06",-6,MIN
28/02/2025 10:55,"0,68",68,MAX
28/02/2025 17:25,"-0,32",-32,MIN
01/03/2025 00:00,"0,67",67,MAX
01/03/2025 05:55,"-0,09",-9,MIN
01/03/2025 11:35,"0,66",66,MAX
01/03/2025 17:50,"-0,28",-28,MIN
02/03/2025 00:25,"0,71",71,MAX
02/03/2025 06:30,"-0,14",-14,MIN
02/03/2025 12:10,"0,53",53,MAX
02/03/2025 18:05,"-0,33",-33,MIN
03/03/2025 00:50,"0,61",61,MAX
03/03/2025 07:05,"-0,24",-24,MIN
03/03/2025 12:55,"0,41",41,MAX
03/03/2025 18:15,"-0,28",-28,MIN
04/03/2025 01:05,"0,58",58,MAX
04/03/2025 07:45,"-0,15",-15,MIN
04/03/2025 13:05,"0,29",29,MAX
04/03/2025 18:20,"-0,16",-16,MIN
05/03/2025 01:35,"0,59",59,MAX
05/03/2025 08:40,"-0,16",-16,MIN
05/03/2025 13:50,"0,18",18,MAX
05/03/2025 18:10,"-0,04",-4,MIN
06/03/2025 01:35,"0,55",55,MAX
06/03/2025 09:55,"-0,15",-15,MIN
07/03/2025 01:00,"0,42",42,MAX
07/03/2025 13:10,"-0,17",-17,MIN
07/03/2025 21:05,"0,37",37,MAX
08/03/2025 02:15,"0,21",21,MIN
08/03/2025 05:55,"0,28",28,MAX
08/03/2025 13:15,"-0,26",-26,MIN
08/03/2025 21:00,"0,39",39,MAX
09/03/2025 02:05,"0,19",19,MIN
09/03/2025 07:30,"0,37",37,MAX
09/03/2025 14:10,"-0,16",-16,MIN
09/03/2025 21:45,"0,57",57,MAX
10/03/2025 03:00,"0,2",20,MIN
10/03/2025 08:55,"0,74",74,MAX
10/03/2025 15:20,"0,08",8,MIN
10/03/2025 21:30,"0,73",73,MAX
11/03/2025 03:40,"0,17",17,MIN
11/03/2025 10:00,"0,81",81,MAX
11/03/2025 16:10,"0,02",2,MIN
11/03/2025 22:20,"0,71",71,MAX
12/03/2025 03:45,"0,21",21,MIN
12/03/2025 09:35,"0,88",88,MAX
12/03/2025 16:15,"-0,06",-6,MIN
12/03/2025 23:25,"0,89",89,MAX
13/03/2025 04:30,"0,47",47,MIN
13/03/2025 09:40,"0,92",92,MAX
13/03/2025 16:30,"-0,08",-8,MIN
13/03/2025 21:50,"0,86",86,MAX
13/03/2025 23:25,"0,75",75,MIN
14/03/2025 00:55,"0,79",79,MAX
14/03/2025 05:20,"0,33",33,MIN
14/03/2025 10:40,"0,94",94,MAX
14/03/2025 16:50,"0,15",15,MIN
14/03/2025 21:20,"0,91",91,MAX
14/03/2025 22:55,"0,79",79,MIN
15/03/2025 00:40,"0,84",84,MAX
15/03/2025 05:50,"0,29",29,MIN
15/03/2025 11:00,"0,87",87,MAX
15/03/2025 16:55,"0,17",17,MIN
15/03/2025 21:25,"0,86",86,MAX
15/03/2025 22:45,"0,74",74,MIN
16/03/2025 00:45,"0,8",80,MAX
16/03/2025 06:05,"0,22",22,MIN
16/03/2025 11:35,"0,78",78,MAX
16/03/2025 17:00,"0,25",25,MIN
17/03/2025 00:05,"0,85",85,MAX
17/03/2025 06:30,"0,05",5,MIN
17/03/2025 12:30,"0,62",62,MAX
17/03/2025 17:25,"0,25",25,MIN
18/03/2025 00:20,"0,88",88,MAX
18/03/2025 07:15,"0,06",6,MIN
18/03/2025 13:50,"0,49",49,MAX
18/03/2025 18:40,"0,11",11,MIN
19/03/2025 00:35,"0,78",78,MAX
19/03/2025 07:20,0,0,MIN
19/03/2025 12:55,"0,57",57,MAX
19/03/2025 18:10,"0,16",16,MIN
20/03/2025 00:35,"0,7",70,MAX
20/03/2025 07:15,"0,08",8,MIN
20/03/2025 12:30,"0,36",36,MAX
20/03/2025 17:50,"0,2",20,MIN
21/03/2025 00:55,"0,62",62,MAX
21/03/2025 08:55,"0,08",8,MIN
22/03/2025 00:35,"0,67",67,MAX
22/03/2025 10:00,"0,22",22,MIN
22/03/2025 22:30,"0,74",74,MAX
23/03/2025 00:55,"0,64",64,MIN
23/03/2025 06:00,"0,79",79,MAX
23/03/2025 12:25,"0,32",32,MIN
23/03/2025 21:00,"0,76",76,MAX
24/03/2025 00:45,"0,64",64,MIN
24/03/2025 04:00,"0,69",69,MAX
24/03/2025 14:00,"0,09",9,MIN
24/03/2025 21:30,"0,77",77,MAX
25/03/2025 02:50,"0,38",38,MIN
25/03/2025 07:00,"0,66",66,MAX
25/03/2025 14:25,"-0,08",-8,MIN
25/03/2025 21:20,"0,76",76,MAX
26/03/2025 03:50,"0,22",22,MIN
26/03/2025 08:40,"0,57",57,MAX
26/03/2025 14:50,"-0,15",-15,MIN
26/03/2025 21:55,"0,81",81,MAX
27/03/2025 03:50,"0,04",4,MIN
27/03/2025 09:10,"0,64",64,MAX
27/03/2025 15:15,"-0,12",-12,MIN
27/03/2025 22:10,"0,85",85,MAX
28/03/2025 04:35,"-0,08",-8,MIN
28/03/2025 10:15,"0,72",72,MAX
28/03/2025 16:00,"-0,02",-2,MIN
28/03/2025 22:35,"0,92",92,MAX
29/03/2025 04:55,"-0,04",-4,MIN
29/03/2025 10:55,"0,82",82,MAX
29/03/2025 16:55,0,0,MIN
29/03/2025 23:05,"0,82",82,MAX
30/03/2025 05:30,"-0,11",-11,MIN
30/03/2025 11:20,"0,76",76,MAX
30/03/2025 17:15,"-0,09",-9,MIN
30/03/2025 23:40,"0,83",83,MAX
31/03/2025 05:55,0,0,MIN
31/03/2025 11:45,"0,64",64,MAX
31/03/2025 17:30,"-0,1",-10,MIN
31/03/2025 23:55,"0,79",79,MAX
01/04/2025 06:45,"-0,15",-15,MIN
01/04/2025 12:55,"0,52",52,MAX
01/04/2025 17:15,"0,11",11,MIN
01/04/2025 23:55,"0,83",83,MAX
02/04/2025 07:25,"-0,02",-2,MIN
02/04/2025 13:40,"0,49",49,MAX
02/04/2025 18:45,"0,31",31,MIN
03/04/2025 00:40,"0,82",82,MAX
03/04/2025 08:30,"-0,05",-5,MIN
03/04/2025 15:05,"0,44",44,MAX
03/04/2025 18:40,"0,33",33,MIN
04/04/2025 00:30,"0,67",67,MAX
04/04/2025 09:00,"-0,01",-1,MIN
05/04/2025 00:25,"0,54",54,MAX
05/04/2025 11:45,"0,09",9,MIN
05/04/2025 20:15,"0,65",65,MAX
06/04/2025 03:00,"0,44",44,MIN
06/04/2025 06:30,"0,59",59,MAX
06/04/2025 12:35,"0,2",20,MIN
06/04/2025 20:00,"0,73",73,MAX
07/04/2025 02:50,"0,33",33,MIN
07/04/2025 07:15,"0,48",48,MAX
07/04/2025 13:40,"-0,03",-3,MIN
07/04/2025 21:00,"0,64",64,MAX
08/04/2025 02:55,"0,1",10,MIN
08/04/2025 07:55,"0,47",47,MAX
08/04/2025 14:45,"-0,15",-15,MIN
08/04/2025 21:10,"0,6",60,MAX
09/04/2025 03:00,"0,04",4,MIN
09/04/2025 08:40,"0,56",56,MAX
09/04/2025 14:40,"-0,1",-10,MIN
09/04/2025 21:40,"0,68",68,MAX
10/04/2025 03:55,"-0,02",-2,MIN
10/04/2025 09:15,"0,49",49,MAX
10/04/2025 15:15,"-0,21",-21,MIN
10/04/2025 22:00,"0,65",65,MAX
11/04/2025 04:20,"-0,17",-17,MIN
11/04/2025 10:10,"0,5",50,MAX
11/04/2025 15:35,"-0,07",-7,MIN
11/04/2025 22:00,"0,73",73,MAX
12/04/2025 04:30,"-0,16",-16,MIN
12/04/2025 10:20,"0,49",49,MAX
12/04/2025 16:10,"-0,09",-9,MIN
12/04/2025 22:25,"0,7",70,MAX
13/04/2025 04:55,"-0,13",-13,MIN
13/04/2025 10:50,"0,55",55,MAX
13/04/2025 16:10,"0,05",5,MIN
13/04/2025 22:25,"0,81",81,MAX
14/04/2025 05:30,"-0,17",-17,MIN
14/04/2025 11:40,"0,64",64,MAX
14/04/2025 16:55,"0,26",26,MIN
14/04/2025 21:40,"0,92",92,MAX
15/04/2025 05:55,"0,25",25,MIN
15/04/2025 11:55,"0,92",92,MAX
15/04/2025 18:05,"0,42",42,MIN
15/04/2025 23:25,"0,87",87,MAX
16/04/2025 06:10,"0,17",17,MIN
16/04/2025 12:30,"0,83",83,MAX
16/04/2025 17:20,"0,41",41,MIN
16/04/2025 21:00,"0,72",72,MAX
16/04/2025 22:15,"0,62",62,MIN
17/04/2025 00:10,"0,7",70,MAX
17/04/2025 05:40,"0,4",40,MIN
17/04/2025 10:00,"0,85",85,MAX
17/04/2025 11:30,"0,76",76,MIN
17/04/2025 14:30,"0,82",82,MAX
17/04/2025 18:30,"0,54",54,MIN
18/04/2025 00:10,"0,81",81,MAX
18/04/2025 07:50,"0,2",20,MIN
18/04/2025 13:40,"0,6",60,MAX
18/04/2025 19:10,"0,41",41,MIN
19/04/2025 00:20,"0,7",70,MAX
19/04/2025 07:55,"0,1",10,MIN
20/04/2025 00:25,"0,59",59,MAX
20/04/2025 09:20,"0,11",11,MIN
20/04/2025 20:25,"0,63",63,MAX
21/04/2025 11:40,"0,09",9,MIN
21/04/2025 19:40,"0,63",63,MAX
22/04/2025 02:40,"0,32",32,MIN
22/04/2025 06:10,"0,38",38,MAX
22/04/2025 13:10,"0,03",3,MIN
22/04/2025 20:20,"0,71",71,MAX
23/04/2025 02:15,"0,2",20,MIN
23/04/2025 07:15,"0,53",53,MAX
23/04/2025 13:30,"-0,03",-3,MIN
23/04/2025 20:50,"0,82",82,MAX
24/04/2025 02:55,"0,17",17,MIN
24/04/2025 07:45,"0,63",63,MAX
24/04/2025 14:20,"-0,04",-4,MIN
24/04/2025 21:10,"0,84",84,MAX
25/04/2025 03:55,"-0,01",-1,MIN
25/04/2025 09:10,"0,58",58,MAX
25/04/2025 14:45,"-0,04",-4,MIN
25/04/2025 21:40,"0,93",93,MAX
26/04/2025 04:05,"-0,1",-10,MIN
26/04/2025 09:45,"0,61",61,MAX
26/04/2025 15:15,"0,02",2,MIN
26/04/2025 22:05,"0,89",89,MAX
27/04/2025 04:50,"-0,19",-19,MIN
27/04/2025 10:50,"0,65",65,MAX
27/04/2025 16:05,"0,06",6,MIN
27/04/2025 22:25,"0,9",90,MAX
28/04/2025 05:25,"-0,27",-27,MIN
28/04/2025 11:30,"0,61",61,MAX
28/04/2025 16:20,"0,06",6,MIN
28/04/2025 22:45,"0,84",84,MAX
29/04/2025 05:55,"-0,34",-34,MIN
29/04/2025 12:10,"0,48",48,MAX
29/04/2025 16:55,"0,1",10,MIN
29/04/2025 23:05,"0,76",76,MAX
30/04/2025 06:30,"-0,34",-34,MIN
30/04/2025 13:20,"0,46",46,MAX
30/04/2025 17:25,"0,16",16,MIN
30/04/2025 23:25,"0,67",67,MAX
01/05/2025 07:05,"-0,29",-29,MIN
01/05/2025 14:20,"0,43",43,MAX
01/05/2025 18:40,"0,26",26,MIN
02/05/2025 00:05,"0,6",60,MAX
02/05/2025 07:40,"-0,19",-19,MIN
02/05/2025 15:35,"0,44",44,MAX
02/05/2025 18:50,"0,37",37,MIN
02/05/2025 23:25,"0,54",54,MAX
03/05/2025 09:05,"-0,07",-7,MIN
03/05/2025 18:05,"0,58",58,MAX
03/05/2025 23:40,"0,45",45,MIN
04/05/2025 01:05,"0,48",48,MAX
04/05/2025 10:00,"0,03",3,MIN
04/05/2025 19:10,"0,69",69,MAX
05/05/2025 04:50,"0,37",37,MIN
05/05/2025 08:10,"0,41",41,MAX
05/05/2025 12:25,"0,26",26,MIN
05/05/2025 19:05,"0,83",83,MAX
06/05/2025 03:20,"0,24",24,MIN
06/05/2025 07:30,"0,44",44,MAX
06/05/2025 11:45,"0,16",16,MIN
06/05/2025 19:10,"0,86",86,MAX
07/05/2025 02:20,"0,12",12,MIN
07/05/2025 08:05,"0,5",50,MAX
07/05/2025 12:50,"0,28",28,MIN
07/05/2025 19:35,"0,81",81,MAX
08/05/2025 02:55,"0,06",6,MIN
08/05/2025 09:00,"0,61",61,MAX
08/05/2025 14:35,"0,15",15,MIN
08/05/2025 20:35,"0,8",80,MAX
09/05/2025 03:25,"0,01",1,MIN
09/05/2025 09:25,"0,6",60,MAX
09/05/2025 14:55,"0,12",12,MIN
09/05/2025 20:50,"0,78",78,MAX
10/05/2025 03:50,"-0,11",-11,MIN
10/05/2025 10:00,"0,59",59,MAX
10/05/2025 15:05,"0,12",12,MIN
10/05/2025 21:10,"0,79",79,MAX
11/05/2025 04:00,"-0,13",-13,MIN
11/05/2025 10:35,"0,57",57,MAX
11/05/2025 15:45,"0,18",18,MIN
11/05/2025 21:35,"0,8",80,MAX
12/05/2025 04:30,"-0,15",-15,MIN
12/05/2025 11:15,"0,61",61,MAX
12/05/2025 15:40,"0,29",29,MIN
12/05/2025 21:45,"0,82",82,MAX
13/05/2025 05:05,"-0,15",-15,MIN
13/05/2025 12:00,"0,66",66,MAX
13/05/2025 16:50,"0,29",29,MIN
13/05/2025 22:10,"0,82",82,MAX
14/05/2025 05:25,"-0,17",-17,MIN
14/05/2025 12:25,"0,66",66,MAX
14/05/2025 17:10,"0,33",33,MIN
14/05/2025 22:40,"0,82",82,MAX
15/05/2025 05:30,"-0,09",-9,MIN
15/05/2025 13:00,"0,66",66,MAX
15/05/2025 17:30,"0,48",48,MIN
15/05/2025 23:25,"0,88",88,MAX
16/05/2025 07:00,"-0,08",-8,MIN
16/05/2025 14:00,"0,58",58,MAX
16/05/2025 18:25,"0,41",41,MIN
16/05/2025 23:40,"0,76",76,MAX
17/05/2025 07:10,0,0,MIN
17/05/2025 14:30,"0,67",67,MAX
17/05/2025 19:05,"0,47",47,MIN
17/05/2025 23:55,"0,75",75,MAX
18/05/2025 07:40,"0,06",6,MIN
18/05/2025 22:15,"0,69",69,MAX
19/05/2025 09:25,"0,03",3,MIN
19/05/2025 18:50,"0,68",68,MAX
20/05/2025 10:10,"0,04",4,MIN
20/05/2025 18:45,"0,81",81,MAX
21/05/2025 02:00,"0,27",27,MIN
21/05/2025 06:10,"0,34",34,MAX
21/05/2025 11:40,"0,12",12,MIN
21/05/2025 18:45,"0,86",86,MAX
22/05/2025 01:50,"0,11",11,MIN
22/05/2025 07:30,"0,49",49,MAX
22/05/2025 11:55,"0,22",22,MIN
22/05/2025 18:35,"0,88",88,MAX
23/05/2025 02:15,"-0,01",-1,MIN
23/05/2025 08:05,"0,48",48,MAX
23/05/2025 12:55,"0,23",23,MIN
23/05/2025 19:50,"0,85",85,MAX
24/05/2025 03:20,"-0,15",-15,MIN
24/05/2025 09:00,"0,43",43,MAX
24/05/2025 13:40,"0,12",12,MIN
24/05/2025 20:40,"0,79",79,MAX
25/05/2025 03:40,"-0,32",-32,MIN
25/05/2025 10:00,"0,56",56,MAX
25/05/2025 14:50,"0,15",15,MIN
25/05/2025 21:05,"0,77",77,MAX
26/05/2025 04:15,"-0,34",-34,MIN
26/05/2025 10:40,"0,68",68,MAX
26/05/2025 15:45,"0,18",18,MIN
26/05/2025 21:35,"0,79",79,MAX
27/05/2025 04:55,"-0,27",-27,MIN
27/05/2025 11:30,"0,62",62,MAX
27/05/2025 16:10,"0,11",11,MIN
27/05/2025 22:20,"0,75",75,MAX
28/05/2025 05:45,"-0,37",-37,MIN
28/05/2025 12:20,"0,54",54,MAX
28/05/2025 16:35,"0,2",20,MIN
28/05/2025 23:05,"0,83",83,MAX
29/05/2025 06:20,"-0,31",-31,MIN
29/05/2025 12:55,"0,47",47,MAX
29/05/2025 17:05,"0,2",20,MIN
29/05/2025 23:10,"0,68",68,MAX
30/05/2025 07:00,"-0,28",-28,MIN
30/05/2025 14:35,"0,42",42,MAX
30/05/2025 18:25,"0,26",26,MIN
30/05/2025 23:40,"0,54",54,MAX
31/05/2025 07:35,"-0,26",-26,MIN
31/05/2025 15:20,"0,49",49,MAX
31/05/2025 19:45,"0,28",28,MIN
01/06/2025 00:30,"0,52",52,MAX
01/06/2025 08:05,"-0,14",-14,MIN
01/06/2025 16:25,"0,6",60,MAX
01/06/2025 21:50,"0,39",39,MIN
02/06/2025 00:50,"0,46",46,MAX
02/06/2025 08:55,"-0,02",-2,MIN
02/06/2025 17:15,"0,73",73,MAX
03/06/2025 09:25,"0,08",8,MIN
03/06/2025 17:45,"0,78",78,MAX
04/06/2025 01:35,"0,2",20,MIN
04/06/2025 06:20,"0,29",29,MAX
04/06/2025 10:45,"0,17",17,MIN
04/06/2025 18:40,"0,79",79,MAX
05/06/2025 02:00,"0,09",9,MIN
05/06/2025 07:15,"0,41",41,MAX
05/06/2025 12:00,"0,26",26,MIN
05/06/2025 18:50,"0,74",74,MAX
06/06/2025 02:20,0,0,MIN
06/06/2025 08:20,"0,44",44,MAX
06/06/2025 12:55,"0,24",24,MIN
06/06/2025 19:25,"0,71",71,MAX
07/06/2025 02:50,"-0,01",-1,MIN
07/06/2025 09:25,"0,5",50,MAX
07/06/2025 14:10,"0,27",27,MIN
07/06/2025 20:15,"0,81",81,MAX
08/06/2025 03:45,"-0,04",-4,MIN
08/06/2025 09:50,"0,58",58,MAX
08/06/2025 14:15,"0,27",27,MIN
08/06/2025 20:45,"0,91",91,MAX
09/06/2025 04:20,"-0,12",-12,MIN
09/06/2025 10:30,"0,56",56,MAX
09/06/2025 15:00,"0,33",33,MIN
09/06/2025 20:55,"0,83",83,MAX
10/06/2025 04:30,"-0,22",-22,MIN
10/06/2025 11:40,"0,59",59,MAX
10/06/2025 15:30,"0,36",36,MIN
10/06/2025 21:30,"0,82",82,MAX
11/06/2025 05:00,"-0,21",-21,MIN
11/06/2025 12:10,"0,66",66,MAX
11/06/2025 16:30,"0,29",29,MIN
11/06/2025 22:00,"0,78",78,MAX
12/06/2025 05:15,"-0,2",-20,MIN
12/06/2025 12:35,"0,62",62,MAX
12/06/2025 16:50,"0,32",32,MIN
12/06/2025 22:35,"0,77",77,MAX
13/06/2025 06:05,"-0,18",-18,MIN
13/06/2025 13:15,"0,59",59,MAX
13/06/2025 17:35,"0,29",29,MIN
13/06/2025 23:25,"0,76",76,MAX
14/06/2025 06:45,"-0,18",-18,MIN
14/06/2025 13:55,"0,6",60,MAX
14/06/2025 18:20,"0,33",33,MIN
14/06/2025 23:30,"0,74",74,MAX
15/06/2025 07:10,"-0,19",-19,MIN
15/06/2025 14:55,"0,63",63,MAX
15/06/2025 19:20,"0,39",39,MIN
16/06/2025 00:00,"0,68",68,MAX
16/06/2025 07:25,"-0,19",-19,MIN
16/06/2025 15:55,"0,71",71,MAX
16/06/2025 21:05,"0,17",17,MIN
17/06/2025 01:30,"0,58",58,MAX
17/06/2025 07:40,"-0,13",-13,MIN
17/06/2025 15:40,"0,81",81,MAX
17/06/2025 21:10,"0,26",26,MIN
18/06/2025 02:10,"0,33",33,MAX
18/06/2025 07:50,"-0,06",-6,MIN
18/06/2025 15:45,"0,69",69,MAX
19/06/2025 00:20,"0,16",16,MIN
19/06/2025 04:05,"0,29",29,MAX
19/06/2025 10:20,"0,19",19,MIN
19/06/2025 17:55,"0,67",67,MAX
20/06/2025 01:00,"0,06",6,MIN
20/06/2025 06:30,"0,41",41,MAX
20/06/2025 11:40,"0,08",8,MIN
20/06/2025 18:45,"0,73",73,MAX
21/06/2025 01:40,"0,01",1,MIN
21/06/2025 07:15,"0,41",41,MAX
21/06/2025 11:55,"0,13",13,MIN
21/06/2025 19:25,"0,77",77,MAX
22/06/2025 02:40,"-0,17",-17,MIN
22/06/2025 09:15,"0,43",43,MAX
22/06/2025 13:10,"0,23",23,MIN
22/06/2025 19:55,"0,8",80,MAX
23/06/2025 03:35,"-0,25",-25,MIN
23/06/2025 10:20,"0,52",52,MAX
23/06/2025 14:20,"0,33",33,MIN
23/06/2025 20:45,"0,87",87,MAX
24/06/2025 04:15,"-0,25",-25,MIN
24/06/2025 10:50,"0,6",60,MAX
24/06/2025 15:25,"0,32",32,MIN
24/06/2025 21:15,"0,85",85,MAX
25/06/2025 04:55,"-0,31",-31,MIN
25/06/2025 11:50,"0,6",60,MAX
25/06/2025 16:10,"0,29",29,MIN
25/06/2025 22:05,"0,8",80,MAX
26/06/2025 05:30,"-0,33",-33,MIN
26/06/2025 12:20,"0,64",64,MAX
26/06/2025 17:05,"0,31",31,MIN
26/06/2025 22:15,"0,8",80,MAX
27/06/2025 06:25,"-0,29",-29,MIN
27/06/2025 13:15,"0,6",60,MAX
27/06/2025 18:15,"0,2",20,MIN
27/06/2025 23:10,"0,66",66,MAX
28/06/2025 06:45,"-0,33",-33,MIN
28/06/2025 13:50,"0,57",57,MAX
28/06/2025 18:40,"0,2",20,MIN
29/06/2025 00:10,"0,55",55,MAX
29/06/2025 06:55,"-0,26",-26,MIN
29/06/2025 14:15,"0,57",57,MAX
29/06/2025 19:25,"0,19",19,MIN
30/06/2025 00:25,"0,49",49,MAX
30/06/2025 07:25,"-0,13",-13,MIN
30/06/2025 14:40,"0,63",63,MAX
30/06/2025 20:25,"0,19",19,MIN
01/07/2025 01:40,"0,44",44,MAX
01/07/2025 07:55,"-0,05",-5,MIN
01/07/2025 15:15,"0,64",64,MAX
01/07/2025 21:40,"0,21",21,MIN
02/07/2025 01:55,"0,38",38,MAX
02/07/2025 08:10,"0,07",7,MIN
02/07/2025 16:05,"0,67",67,MAX
02/07/2025 22:55,"0,24",24,MIN
03/07/2025 03:15,"0,32",32,MAX
03/07/2025 09:20,"0,16",16,MIN
03/07/2025 16:50,"0,72",72,MAX
04/07/2025 01:10,"0,18",18,MIN
04/07/2025 17:30,"0,69",69,MAX
05/07/2025 02:35,"0,12",12,MIN
05/07/2025 18:15,"0,73",73,MAX
06/07/2025 02:55,"0,02",2,MIN
06/07/2025 10:00,"0,55",55,MAX
06/07/2025 13:05,"0,45",45,MIN
06/07/2025 19:10,"0,86",86,MAX
07/07/2025 03:05,0,0,MIN
07/07/2025 10:10,"0,65",65,MAX
07/07/2025 14:50,"0,45",45,MIN
07/07/2025 19:55,"0,94",94,MAX
08/07/2025 04:10,"-0,12",-12,MIN
08/07/2025 10:05,"0,61",61,MAX
08/07/2025 15:00,"0,3",30,MIN
08/07/2025 20:50,"0,7",70,MAX
09/07/2025 04:35,"-0,17",-17,MIN
09/07/2025 10:10,"0,5",50,MAX
09/07/2025 13:40,"0,32",32,MIN
09/07/2025 21:25,"0,78",78,MAX
10/07/2025 04:50,"-0,24",-24,MIN
10/07/2025 12:15,"0,56",56,MAX
10/07/2025 16:55,"0,29",29,MIN
10/07/2025 21:45,"0,68",68,MAX
11/07/2025 05:20,"-0,31",-31,MIN
11/07/2025 12:35,"0,72",72,MAX
11/07/2025 17:30,"0,29",29,MIN
11/07/2025 22:25,"0,69",69,MAX
12/07/2025 05:40,"-0,24",-24,MIN
12/07/2025 12:35,"0,73",73,MAX
12/07/2025 18:00,"0,26",26,MIN
12/07/2025 23:15,"0,79",79,MAX
13/07/2025 06:10,"-0,17",-17,MIN
13/07/2025 13:10,"0,68",68,MAX
13/07/2025 18:50,"0,27",27,MIN
14/07/2025 00:05,"0,73",73,MAX
14/07/2025 06:50,"-0,2",-20,MIN
14/07/2025 14:10,"0,63",63,MAX
14/07/2025 19:10,"0,2",20,MIN
15/07/2025 00:15,"0,61",61,MAX
15/07/2025 07:40,"-0,28",-28,MIN
15/07/2025 15:00,"0,6",60,MAX
15/07/2025 20:30,"0,17",17,MIN
16/07/2025 01:15,"0,53",53,MAX
16/07/2025 07:35,"-0,17",-17,MIN
16/07/2025 15:10,"0,75",75,MAX
16/07/2025 21:10,"0,2",20,MIN
17/07/2025 01:55,"0,49",49,MAX
17/07/2025 07:45,"0,02",2,MIN
17/07/2025 15:40,"0,83",83,MAX
17/07/2025 22:20,"0,17",17,MIN
18/07/2025 02:50,"0,34",34,MAX
18/07/2025 07:50,"0,16",16,MIN
18/07/2025 15:45,"0,83",83,MAX
19/07/2025 00:35,"0,05",5,MIN
19/07/2025 17:25,"0,78",78,MAX
20/07/2025 01:20,0,0,MIN
20/07/2025 09:20,"0,54",54,MAX
20/07/2025 12:00,"0,48",48,MIN
20/07/2025 18:45,"0,8",80,MAX
21/07/2025 02:45,"-0,01",-1,MIN
21/07/2025 09:35,"0,63",63,MAX
21/07/2025 13:25,"0,48",48,MIN
21/07/2025 19:55,"0,88",88,MAX
22/07/2025 03:25,"-0,08",-8,MIN
22/07/2025 10:00,"0,59",59,MAX
22/07/2025 14:15,"0,39",39,MIN
22/07/2025 20:35,"0,87",87,MAX
23/07/2025 04:25,"-0,17",-17,MIN
23/07/2025 11:25,"0,66",66,MAX
23/07/2025 15:40,"0,38",38,MIN
23/07/2025 21:35,"0,9",90,MAX
24/07/2025 04:55,"-0,22",-22,MIN
24/07/2025 11:50,"0,73",73,MAX
24/07/2025 16:35,"0,31",31,MIN
24/07/2025 21:55,"0,87",87,MAX
25/07/2025 05:25,"-0,26",-26,MIN
25/07/2025 12:05,"0,72",72,MAX
25/07/2025 17:20,"0,2",20,MIN
25/07/2025 22:40,"0,78",78,MAX
26/07/2025 06:00,"-0,32",-32,MIN
26/07/2025 12:10,"0,75",75,MAX
26/07/2025 18:05,"0,2",20,MIN
26/07/2025 23:10,"0,71",71,MAX
27/07/2025 06:00,"-0,25",-25,MIN
27/07/2025 13:45,"0,79",79,MAX
27/07/2025 19:00,"0,3",30,MIN
28/07/2025 00:05,"0,72",72,MAX
28/07/2025 07:05,"-0,14",-14,MIN
28/07/2025 13:50,"0,85",85,MAX
28/07/2025 20:05,"0,19",19,MIN
29/07/2025 00:25,"0,63",63,MAX
29/07/2025 07:00,"-0,1",-10,MIN
29/07/2025 14:00,"0,78",78,MAX
29/07/2025 19:30,"0,18",18,MIN
30/07/2025 00:25,"0,54",54,MAX
30/07/2025 07:00,"0,03",3,MIN
30/07/2025 14:05,"0,76",76,MAX
30/07/2025 20:40,"0,18",18,MIN
31/07/2025 01:15,"0,43",43,MAX
31/07/2025 07:00,"0,09",9,MIN
31/07/2025 14:25,"0,7",70,MAX
31/07/2025 21:10,"0,18",18,MIN
01/08/2025 01:40,"0,33",33,MAX
01/08/2025 05:45,"0,24",24,MIN
01/08/2025 13:45,"0,64",64,MAX
01/08/2025 22:40,"0,23",23,MIN
02/08/2025 17:15,"0,67",67,MAX
03/08/2025 03:00,"0,14",14,MIN
03/08/2025 17:40,"0,68",68,MAX
04/08/2025 02:40,"-0,02",-2,MIN
04/08/2025 18:20,"0,64",64,MAX
05/08/2025 02:55,"-0,18",-18,MIN
05/08/2025 10:50,"0,61",61,MAX
05/08/2025 14:25,"0,4",40,MIN
05/08/2025 18:45,"0,61",61,MAX
06/08/2025 03:10,"-0,21",-21,MIN
06/08/2025 10:30,"0,67",67,MAX
06/08/2025 16:05,"0,3",30,MIN
06/08/2025 20:45,"0,57",57,MAX
07/08/2025 03:40,"-0,17",-17,MIN
07/08/2025 10:50,"0,71",71,MAX
07/08/2025 16:10,"0,16",16,MIN
07/08/2025 21:40,"0,65",65,MAX
08/08/2025 04:25,"-0,19",-19,MIN
08/08/2025 11:00,"0,63",63,MAX
08/08/2025 16:30,"0,08",8,MIN
08/08/2025 22:30,"0,74",74,MAX
09/08/2025 05:05,"-0,21",-21,MIN
09/08/2025 11:40,"0,61",61,MAX
09/08/2025 16:50,"0,06",6,MIN
09/08/2025 22:55,"0,79",79,MAX
10/08/2025 05:35,"-0,3",-30,MIN
10/08/2025 12:10,"0,6",60,MAX
10/08/2025 17:20,"0,07",7,MIN
10/08/2025 23:10,"0,75",75,MAX
11/08/2025 06:00,"-0,31",-31,MIN
11/08/2025 12:55,"0,67",67,MAX
11/08/2025 18:00,"0,09",9,MIN
11/08/2025 23:35,"0,69",69,MAX
12/08/2025 06:05,"-0,25",-25,MIN
12/08/2025 13:25,"0,76",76,MAX
12/08/2025 19:20,"0,1",10,MIN
13/08/2025 00:25,"0,58",58,MAX
13/08/2025 06:35,"-0,18",-18,MIN
13/08/2025 13:45,"0,81",81,MAX
13/08/2025 20:00,"0,06",6,MIN
14/08/2025 00:50,"0,52",52,MAX
14/08/2025 06:40,"-0,06",-6,MIN
14/08/2025 13:50,"0,82",82,MAX
14/08/2025 20:35,"0,07",7,MIN
15/08/2025 01:50,"0,43",43,MAX
15/08/2025 06:30,"0,08",8,MIN
15/08/2025 14:20,"0,78",78,MAX
15/08/2025 21:45,"0,11",11,MIN
16/08/2025 02:30,"0,34",34,MAX
16/08/2025 06:35,"0,2",20,MIN
16/08/2025 15:05,"0,75",75,MAX
17/08/2025 00:15,"0,1",10,MIN
17/08/2025 15:55,"0,73",73,MAX
18/08/2025 01:30,"0,05",5,MIN
18/08/2025 10:55,"0,63",63,MAX
18/08/2025 14:00,"0,55",55,MIN
18/08/2025 18:25,"0,69",69,MAX
19/08/2025 02:40,"-0,08",-8,MIN
19/08/2025 10:00,"0,72",72,MAX
19/08/2025 15:05,"0,47",47,MIN
19/08/2025 20:05,"0,79",79,MAX
20/08/2025 03:10,"-0,13",-13,MIN
20/08/2025 10:15,"0,82",82,MAX
20/08/2025 15:25,"0,41",41,MIN
20/08/2025 21:15,"0,84",84,MAX
21/08/2025 03:25,"-0,02",-2,MIN
21/08/2025 11:20,"0,92",92,MAX
21/08/2025 15:30,"0,42",42,MIN
21/08/2025 20:55,"0,88",88,MAX
22/08/2025 04:10,"-0,02",-2,MIN
22/08/2025 11:15,"0,84",84,MAX
22/08/2025 16:35,"0,28",28,MIN
22/08/2025 22:30,"0,81",81,MAX
23/08/2025 04:35,"-0,06",-6,MIN
23/08/2025 11:25,"0,86",86,MAX
23/08/2025 17:20,"0,23",23,MIN
23/08/2025 22:50,"0,85",85,MAX
24/08/2025 05:35,"-0,07",-7,MIN
24/08/2025 12:05,"0,89",89,MAX
24/08/2025 17:40,"0,15",15,MIN
24/08/2025 23:25,"0,8",80,MAX
25/08/2025 05:45,"-0,1",-10,MIN
25/08/2025 12:15,"0,83",83,MAX
25/08/2025 18:05,"0,13",13,MIN
25/08/2025 23:40,"0,72",72,MAX
26/08/2025 05:40,"-0,04",-4,MIN
26/08/2025 12:25,"0,84",84,MAX
26/08/2025 18:35,"0,12",12,MIN
27/08/2025 00:00,"0,65",65,MAX
27/08/2025 05:50,"0,03",3,MIN
27/08/2025 12:35,"0,83",83,MAX
27/08/2025 19:15,"0,13",13,MIN
28/08/2025 00:50,"0,59",59,MAX
28/08/2025 06:05,"0,11",11,MIN
28/08/2025 13:05,"0,97",97,MAX
28/08/2025 19:55,"0,32",32,MIN
29/08/2025 00:10,"0,76",76,MAX
29/08/2025 06:05,"0,25",25,MIN
29/08/2025 13:15,"0,88",88,MAX
29/08/2025 19:50,"0,38",38,MIN
30/08/2025 00:20,"0,64",64,MAX
30/08/2025 05:25,"0,3",30,MIN
30/08/2025 11:40,"0,75",75,MAX
30/08/2025 23:55,"0,32",32,MIN
31/08/2025 05:00,"0,51",51,MAX
31/08/2025 08:15,"0,45",45,MIN
31/08/2025 15:00,"0,77",77,MAX
31/08/2025 23:45,"0,27",27,MIN
01/09/2025 14:45,"0,69",69,MAX
02/09/2025 02:35,"0,22",22,MIN
02/09/2025 11:05,"0,79",79,MAX
02/09/2025 13:45,"0,66",66,MIN
02/09/2025 18:20,"0,74",74,MAX
03/09/2025 03:15,"0,09",9,MIN
03/09/2025 09:35,"0,65",65,MAX
03/09/2025 14:10,"0,43",43,MIN
03/09/2025 19:15,"0,69",69,MAX
04/09/2025 03:15,"-0,1",-10,MIN
04/09/2025 10:05,"0,7",70,MAX
04/09/2025 15:10,"0,28",28,MIN
04/09/2025 20:30,"0,76",76,MAX
05/09/2025 03:45,"-0,13",-13,MIN
05/09/2025 10:20,"0,78",78,MAX
05/09/2025 15:35,"0,21",21,MIN
05/09/2025 21:25,"0,77",77,MAX
06/09/2025 03:50,"-0,2",-20,MIN
06/09/2025 10:30,"0,7",70,MAX
06/09/2025 16:10,"0,1",10,MIN
06/09/2025 22:00,"0,74",74,MAX
07/09/2025 04:25,"-0,24",-24,MIN
07/09/2025 11:10,"0,7",70,MAX
07/09/2025 16:55,"0,03",3,MIN
07/09/2025 22:40,"0,75",75,MAX
08/09/2025 05:10,"-0,24",-24,MIN
08/09/2025 11:50,"0,81",81,MAX
08/09/2025 17:25,"0,01",1,MIN
08/09/2025 23:05,"0,75",75,MAX
09/09/2025 05:10,"-0,22",-22,MIN
09/09/2025 12:10,"0,88",88,MAX
09/09/2025 18:15,"0,06",6,MIN
09/09/2025 23:30,"0,74",74,MAX
10/09/2025 05:30,"-0,04",-4,MIN
10/09/2025 11:05,"0,93",93,MAX
10/09/2025 19:50,"0,22",22,MIN
10/09/2025 23:50,"0,71",71,MAX
11/09/2025 06:00,"-0,01",-1,MIN
11/09/2025 13:45,"0,87",87,MAX
11/09/2025 19:20,"0,11",11,MIN
12/09/2025 00:50,"0,55",55,MAX
12/09/2025 05:50,"0,08",8,MIN
12/09/2025 12:40,"0,95",95,MAX
12/09/2025 20:10,"0,02",2,MIN
13/09/2025 01:55,"0,4",40,MAX
13/09/2025 05:30,"0,24",24,MIN
13/09/2025 12:30,"0,81",81,MAX
13/09/2025 20:45,"0,03",3,MIN
14/09/2025 12:00,"0,68",68,MAX
14/09/2025 23:10,"0,08",8,MIN
15/09/2025 08:00,"0,54",54,MAX
16/09/2025 00:40,"0,05",5,MIN
16/09/2025 08:15,"0,63",63,MAX
16/09/2025 14:10,"0,38",38,MIN
16/09/2025 19:05,"0,63",63,MAX
17/09/2025 02:25,"0,02",2,MIN
17/09/2025 09:00,"0,66",66,MAX
17/09/2025 14:55,"0,24",24,MIN
17/09/2025 20:10,"0,6",60,MAX
18/09/2025 03:00,"-0,15",-15,MIN
18/09/2025 09:50,"0,68",68,MAX
18/09/2025 15:30,"0,12",12,MIN
18/09/2025 20:45,"0,59",59,MAX
19/09/2025 03:20,"-0,25",-25,MIN
19/09/2025 10:00,"0,72",72,MAX
19/09/2025 16:00,"0,02",2,MIN
19/09/2025 21:25,"0,56",56,MAX
20/09/2025 03:40,"-0,25",-25,MIN
20/09/2025 10:15,"0,75",75,MAX
20/09/2025 16:45,"-0,05",-5,MIN
20/09/2025 22:00,"0,59",59,MAX
21/09/2025 04:00,"-0,16",-16,MIN
21/09/2025 10:55,"0,79",79,MAX
21/09/2025 16:45,"-0,06",-6,MIN
21/09/2025 22:40,"0,7",70,MAX
22/09/2025 04:30,"-0,03",-3,MIN
22/09/2025 11:00,"0,83",83,MAX
22/09/2025 17:15,"0,03",3,MIN
22/09/2025 23:10,"0,76",76,MAX
23/09/2025 05:10,"-0,03",-3,MIN
23/09/2025 11:30,"0,83",83,MAX
23/09/2025 17:50,"0,08",8,MIN
23/09/2025 23:15,"0,71",71,MAX
24/09/2025 05:05,"0,06",6,MIN
24/09/2025 11:40,"0,94",94,MAX
24/09/2025 18:00,"0,11",11,MIN
24/09/2025 23:40,"0,63",63,MAX
25/09/2025 04:35,"0,09",9,MIN
25/09/2025 11:45,"0,84",84,MAX
25/09/2025 18:30,"0,06",6,MIN
26/09/2025 00:35,"0,53",53,MAX
26/09/2025 05:10,"0,19",19,MIN
26/09/2025 11:40,"0,81",81,MAX
26/09/2025 18:55,"0,09",9,MIN
27/09/2025 01:20,"0,48",48,MAX
27/09/2025 06:10,"0,27",27,MIN
27/09/2025 12:40,"0,79",79,MAX
27/09/2025 19:50,"0,05",5,MIN
28/09/2025 02:05,"0,48",48,MAX
28/09/2025 06:40,"0,31",31,MIN
28/09/2025 12:15,"0,8",80,MAX
28/09/2025 20:00,"0,19",19,MIN
29/09/2025 12:05,"0,68",68,MAX
29/09/2025 21:30,"0,25",25,MIN
30/09/2025 08:45,"0,65",65,MAX
01/10/2025 00:20,"0,15",15,MIN
01/10/2025 08:20,"0,62",62,MAX
01/10/2025 15:05,"0,52",52,MIN
01/10/2025 17:30,"0,58",58,MAX
02/10/2025 02:00,"0,04",4,MIN
02/10/2025 09:00,"0,67",67,MAX
02/10/2025 14:30,"0,25",25,MIN
02/10/2025 19:25,"0,57",57,MAX
03/10/2025 02:40,"-0,08",-8,MIN
03/10/2025 09:35,"0,59",59,MAX
03/10/2025 14:50,"0,11",11,MIN
03/10/2025 20:50,"0,64",64,MAX
04/10/2025 02:45,"-0,13",-13,MIN
04/10/2025 09:40,"0,8",80,MAX
04/10/2025 15:25,"0,14",14,MIN
04/10/2025 21:20,"0,8",80,MAX
05/10/2025 03:05,"0,08",8,MIN
05/10/2025 06:45,"0,66",66,MAX
05/10/2025 09:10,"0,48",48,MIN
05/10/2025 11:55,"0,59",59,MAX
05/10/2025 15:35,"0,13",13,MIN
05/10/2025 21:00,"0,66",66,MAX
06/10/2025 02:45,"-0,25",-25,MIN
06/10/2025 09:10,"0,89",89,MAX
06/10/2025 16:50,"-0,13",-13,MIN
06/10/2025 22:10,"0,49",49,MAX
07/10/2025 03:40,"-0,04",-4,MIN
07/10/2025 10:35,"0,84",84,MAX
07/10/2025 17:30,"-0,33",-33,MIN
07/10/2025 23:40,"0,56",56,MAX
08/10/2025 04:55,"-0,06",-6,MIN
08/10/2025 11:00,"0,78",78,MAX
08/10/2025 17:35,"-0,37",-37,MIN
09/10/2025 00:00,"0,64",64,MAX
09/10/2025 05:15,"0,02",2,MIN
09/10/2025 11:20,"0,79",79,MAX
09/10/2025 18:15,"-0,23",-23,MIN
10/10/2025 00:25,"0,58",58,MAX
10/10/2025 05:40,"0,04",4,MIN
10/10/2025 11:50,"0,69",69,MAX
10/10/2025 18:50,"-0,18",-18,MIN
11/10/2025 00:55,"0,43",43,MAX
11/10/2025 05:55,"0,07",7,MIN
11/10/2025 12:05,"0,62",62,MAX
11/10/2025 19:50,"-0,16",-16,MIN
12/10/2025 02:00,"0,26",26,MAX
12/10/2025 05:50,"0,15",15,MIN
12/10/2025 12:15,"0,6",60,MAX
12/10/2025 20:55,"-0,13",-13,MIN
13/10/2025 11:35,"0,45",45,MAX
13/10/2025 22:40,"-0,1",-10,MIN
14/10/2025 07:45,"0,49",49,MAX
15/10/2025 00:15,"-0,06",-6,MIN
15/10/2025 08:00,"0,56",56,MAX
15/10/2025 14:35,"0,17",17,MIN
15/10/2025 18:50,"0,36",36,MAX
16/10/2025 01:00,"-0,09",-9,MIN
16/10/2025 08:25,"0,63",63,MAX
16/10/2025 14:35,"0,11",11,MIN
16/10/2025 19:50,"0,48",48,MAX
17/10/2025 02:00,"-0,07",-7,MIN
17/10/2025 08:50,"0,71",71,MAX
17/10/2025 15:10,"0,06",6,MIN
17/10/2025 20:35,"0,57",57,MAX
18/10/2025 02:35,"-0,13",-13,MIN
18/10/2025 09:20,"0,7",70,MAX
18/10/2025 15:35,"-0,03",-3,MIN
18/10/2025 21:10,"0,55",55,MAX
19/10/2025 03:00,"-0,1",-10,MIN
19/10/2025 09:35,"0,76",76,MAX
19/10/2025 15:50,"-0,08",-8,MIN
19/10/2025 21:45,"0,57",57,MAX
20/10/2025 03:25,"-0,01",-1,MIN
20/10/2025 10:05,"0,81",81,MAX
20/10/2025 16:30,"-0,06",-6,MIN
20/10/2025 22:30,"0,67",67,MAX
21/10/2025 03:40,"0,13",13,MIN
21/10/2025 10:30,"0,97",97,MAX
21/10/2025 17:00,"0,08",8,MIN
21/10/2025 22:50,"0,76",76,MAX
22/10/2025 04:15,"0,19",19,MIN
22/10/2025 10:40,"0,92",92,MAX
22/10/2025 17:20,"0,05",5,MIN
22/10/2025 23:20,"0,77",77,MAX
23/10/2025 04:25,"0,29",29,MIN
23/10/2025 09:20,"0,93",93,MAX
23/10/2025 10:50,"0,83",83,MIN
23/10/2025 12:20,"0,86",86,MAX
23/10/2025 18:00,"0,4",40,MIN
23/10/2025 21:40,"0,81",81,MAX
24/10/2025 04:05,"0,39",39,MIN
24/10/2025 10:10,"0,88",88,MAX
24/10/2025 16:50,"0,16",16,MIN
24/10/2025 22:05,"0,81",81,MAX
25/10/2025 05:40,"0,36",36,MIN
25/10/2025 12:15,"0,87",87,MAX
25/10/2025 17:50,"0,37",37,MIN
26/10/2025 00:20,"0,7",70,MAX
26/10/2025 05:25,"0,46",46,MIN
26/10/2025 11:55,"0,96",96,MAX
26/10/2025 19:55,"0,25",25,MIN
27/10/2025 02:50,"0,62",62,MAX
27/10/2025 05:35,"0,56",56,MIN
27/10/2025 12:05,"0,94",94,MAX
27/10/2025 20:15,"0,27",27,MIN
28/10/2025 03:55,"0,78",78,MAX
28/10/2025 07:45,"0,63",63,MIN
28/10/2025 11:55,"0,74",74,MAX
28/10/2025 20:00,"0,28",28,MIN
29/10/2025 07:35,"0,7",70,MAX
29/10/2025 22:00,"0,47",47,MIN
30/10/2025 06:45,"0,8",80,MAX
30/10/2025 13:30,"0,63",63,MIN
30/10/2025 19:05,"0,74",74,MAX
31/10/2025 01:10,"0,29",29,MIN
31/10/2025 08:00,"0,81",81,MAX
31/10/2025 13:55,"0,45",45,MIN
31/10/2025 18:50,"0,69",69,MAX
01/11/2025 01:15,"0,1",10,MIN
01/11/2025 08:30,"0,9",90,MAX
01/11/2025 14:45,"0,27",27,MIN
01/11/2025 19:45,"0,69",69,MAX
02/11/2025 01:35,"0,09",9,MIN
02/11/2025 09:35,"0,89",89,MAX
02/11/2025 15:10,"0,17",17,MIN
02/11/2025 21:00,"0,82",82,MAX
03/11/2025 02:30,"0,26",26,MIN
03/11/2025 09:45,"0,93",93,MAX
03/11/2025 16:00,"-0,08",-8,MIN
03/11/2025 21:50,"0,73",73,MAX
04/11/2025 03:20,"0,13",13,MIN
04/11/2025 09:30,"0,91",91,MAX
04/11/2025 16:20,"-0,21",-21,MIN
04/11/2025 22:15,"0,67",67,MAX
05/11/2025 03:35,"0,04",4,MIN
05/11/2025 10:00,"0,92",92,MAX
05/11/2025 17:00,"-0,23",-23,MIN
05/11/2025 23:20,"0,62",62,MAX
06/11/2025 03:55,"0,13",13,MIN
06/11/2025 10:30,"0,94",94,MAX
06/11/2025 17:35,"-0,23",-23,MIN
06/11/2025 23:55,"0,68",68,MAX
07/11/2025 04:45,"0,29",29,MIN
07/11/2025 10:40,"0,96",96,MAX
07/11/2025 18:10,"-0,13",-13,MIN
08/11/2025 01:00,"0,76",76,MAX
08/11/2025 05:20,"0,44",44,MIN
08/11/2025 10:55,"0,93",93,MAX
08/11/2025 18:40,"-0,05",-5,MIN
09/11/2025 02:00,"0,75",75,MAX
09/11/2025 06:30,"0,48",48,MIN
09/11/2025 11:40,"0,81",81,MAX
09/11/2025 19:30,"0,02",2,MIN
10/11/2025 02:45,"0,63",63,MAX
10/11/2025 07:45,"0,42",42,MIN
10/11/2025 12:00,"0,61",61,MAX
10/11/2025 20:15,"0,07",7,MIN
11/11/2025 03:40,"0,68",68,MAX
11/11/2025 09:05,"0,46",46,MIN
11/11/2025 12:45,"0,57",57,MAX
11/11/2025 21:10,"0,17",17,MIN
12/11/2025 05:35,"0,64",64,MAX
12/11/2025 12:25,"0,36",36,MIN
12/11/2025 14:45,"0,39",39,MAX
12/11/2025 23:45,"0,11",11,MIN
13/11/2025 06:35,"0,66",66,MAX
13/11/2025 13:30,"0,22",22,MIN
13/11/2025 18:40,"0,42",42,MAX
14/11/2025 00:35,"0,04",4,MIN
14/11/2025 07:30,"0,69",69,MAX
14/11/2025 14:05,"0,12",12,MIN
14/11/2025 19:35,"0,48",48,MAX
15/11/2025 00:50,"0,08",8,MIN
15/11/2025 07:35,"0,75",75,MAX
15/11/2025 14:30,"0,12",12,MIN
15/11/2025 20:35,"0,58",58,MAX
16/11/2025 01:35,"0,27",27,MIN
16/11/2025 08:20,"0,88",88,MAX
16/11/2025 15:15,"0,15",15,MIN
16/11/2025 21:40,"0,84",84,MAX
17/11/2025 02:55,"0,48",48,MIN
17/11/2025 06:50,"0,94",94,MAX
17/11/2025 07:15,"0,85",85,MIN
17/11/2025 09:45,"0,91",91,MAX
17/11/2025 15:20,"0,13",13,MIN
17/11/2025 21:20,"0,8",80,MAX
18/11/2025 02:55,"0,35",35,MIN
18/11/2025 09:35,"0,94",94,MAX
18/11/2025 16:30,"0,03",3,MIN
18/11/2025 22:15,"0,74",74,MAX
19/11/2025 03:25,"0,33",33,MIN
19/11/2025 09:45,"0,92",92,MAX
19/11/2025 16:40,0,0,MIN
19/11/2025 23:00,"0,75",75,MAX
20/11/2025 03:20,"0,37",37,MIN
20/11/2025 08:10,"0,94",94,MAX
20/11/2025 09:40,"0,85",85,MIN
20/11/2025 11:05,"0,89",89,MAX
20/11/2025 17:35,0,0,MIN
21/11/2025 00:15,"0,69",69,MAX
21/11/2025 03:25,"0,47",47,MIN
21/11/2025 07:50,"0,88",88,MAX
21/11/2025 08:15,"0,78",78,MIN
21/11/2025 11:40,"0,82",82,MAX
21/11/2025 17:30,"0,02",2,MIN
22/11/2025 00:35,"0,83",83,MAX
22/11/2025 04:40,"0,61",61,MIN
22/11/2025 07:30,"0,85",85,MAX
22/11/2025 09:00,"0,78",78,MIN
22/11/2025 11:30,"0,83",83,MAX
22/11/2025 18:20,"0,04",4,MIN
23/11/2025 01:15,"0,78",78,MAX
23/11/2025 05:40,"0,52",52,MIN
23/11/2025 10:50,"0,87",87,MAX
23/11/2025 18:35,"-0,05",-5,MIN
24/11/2025 01:45,"0,75",75,MAX
24/11/2025 06:10,"0,53",53,MIN
24/11/2025 10:00,"0,9",90,MAX
24/11/2025 10:25,"0,82",82,MIN
24/11/2025 13:10,"0,87",87,MAX
24/11/2025 19:00,"0,3",30,MIN
25/11/2025 01:55,"0,87",87,MAX
25/11/2025 06:25,"0,63",63,MIN
25/11/2025 10:35,"0,89",89,MAX
25/11/2025 20:00,"0,21",21,MIN
26/11/2025 03:55,"0,69",69,MAX
26/11/2025 05:55,"0,63",63,MIN
26/11/2025 11:25,"0,77",77,MAX
26/11/2025 21:30,"0,2",20,MIN
27/11/2025 05:25,"0,8",80,MAX
27/11/2025 09:45,"0,62",62,MIN
27/11/2025 13:00,"0,69",69,MAX
27/11/2025 21:45,"0,1",10,MIN
28/11/2025 06:05,"0,71",71,MAX
28/11/2025 22:20,"0,06",6,MIN
29/11/2025 06:50,"0,8",80,MAX
29/11/2025 13:40,"0,25",25,MIN
29/11/2025 18:10,"0,42",42,MAX
29/11/2025 23:25,"0,14",14,MIN
30/11/2025 07:05,"0,86",86,MAX
30/11/2025 14:20,"0,1",10,MIN
30/11/2025 19:35,"0,51",51,MAX
01/12/2025 00:35,"0,19",19,MIN
01/12/2025 07:30,"0,9",90,MAX
01/12/2025 14:50,"-0,04",-4,MIN
01/12/2025 20:40,"0,57",57,MAX
02/12/2025 01:10,"0,22",22,MIN
02/12/2025 08:05,"0,92",92,MAX
02/12/2025 15:20,"-0,09",-9,MIN
02/12/2025 21:40,"0,66",66,MAX
03/12/2025 02:20,"0,31",31,MIN
03/12/2025 08:35,"0,98",98,MAX
03/12/2025 16:25,"-0,16",-16,MIN
03/12/2025 22:25,"0,69",69,MAX
04/12/2025 02:55,"0,32",32,MIN
04/12/2025 10:05,"0,91",91,MAX
04/12/2025 16:40,"-0,11",-11,MIN
04/12/2025 23:15,"0,81",81,MAX
05/12/2025 04:15,"0,4",40,MIN
05/12/2025 08:45,"0,93",93,MAX
05/12/2025 17:25,"-0,19",-19,MIN
05/12/2025 23:45,"0,63",63,MAX
06/12/2025 04:25,"0,31",31,MIN
06/12/2025 10:30,"0,86",86,MAX
06/12/2025 18:10,"-0,26",-26,MIN
07/12/2025 01:05,"0,68",68,MAX
07/12/2025 05:30,"0,38",38,MIN
07/12/2025 10:55,"0,84",84,MAX
07/12/2025 18:40,"-0,21",-21,MIN
08/12/2025 02:00,"0,69",69,MAX
08/12/2025 06:40,"0,4",40,MIN
08/12/2025 11:45,"0,75",75,MAX
08/12/2025 19:15,"-0,17",-17,MIN
09/12/2025 02:45,"0,72",72,MAX
09/12/2025 07:40,"0,38",38,MIN
09/12/2025 12:00,"0,61",61,MAX
09/12/2025 19:35,"-0,09",-9,MIN
10/12/2025 03:25,"0,68",68,MAX
10/12/2025 09:00,"0,31",31,MIN
10/12/2025 12:35,"0,44",44,MAX
10/12/2025 20:10,"-0,04",-4,MIN
11/12/2025 04:00,"0,64",64,MAX
11/12/2025 10:20,"0,21",21,MIN
11/12/2025 13:45,"0,31",31,MAX
11/12/2025 21:00,"0,03",3,MIN
12/12/2025 05:00,"0,62",62,MAX
12/12/2025 13:05,"0,15",15,MIN
12/12/2025 16:20,"0,19",19,MAX
12/12/2025 22:15,"0,1",10,MIN
13/12/2025 06:05,"0,64",64,MAX
13/12/2025 13:30,"0,05",5,MIN
13/12/2025 19:20,"0,29",29,MAX
13/12/2025 23:15,"0,17",17,MIN
14/12/2025 06:00,"0,66",66,MAX
14/12/2025 14:20,"-0,05",-5,MIN
14/12/2025 20:35,"0,32",32,MAX
15/12/2025 00:50,"0,17",17,MIN
15/12/2025 06:45,"0,59",59,MAX
15/12/2025 14:35,"-0,18",-18,MIN
15/12/2025 21:20,"0,35",35,MAX
16/12/2025 00:55,"0,21",21,MIN
16/12/2025 07:55,"0,59",59,MAX
16/12/2025 15:40,"-0,15",-15,MIN
16/12/2025 22:15,"0,59",59,MAX
17/12/2025 02:55,"0,29",29,MIN
17/12/2025 08:25,"0,8",80,MAX
17/12/2025 15:55,"-0,15",-15,MIN
17/12/2025 22:45,"0,56",56,MAX
18/12/2025 02:50,"0,27",27,MIN
18/12/2025 08:55,"0,73",73,MAX
18/12/2025 16:25,"-0,29",-29,MIN
18/12/2025 22:55,"0,51",51,MAX
19/12/2025 03:55,"0,18",18,MIN
19/12/2025 09:15,"0,67",67,MAX
19/12/2025 16:35,"-0,32",-32,MIN
19/12/2025 23:30,"0,49",49,MAX
20/12/2025 04:35,"0,09",9,MIN
20/12/2025 09:55,"0,65",65,MAX
20/12/2025 17:05,"-0,38",-38,MIN
20/12/2025 23:45,"0,48",48,MAX
21/12/2025 04:25,"0,16",16,MIN
21/12/2025 10:20,"0,64",64,MAX
21/12/2025 17:35,"-0,26",-26,MIN
22/12/2025 00:55,"0,54",54,MAX
22/12/2025 05:35,"0,23",23,MIN
22/12/2025 11:10,"0,72",72,MAX
22/12/2025 18:15,"-0,2",-20,MIN
23/12/2025 01:35,"0,65",65,MAX
23/12/2025 06:20,"0,35",35,MIN
23/12/2025 11:55,"0,82",82,MAX
23/12/2025 18:30,0,0,MIN
24/12/2025 02:20,"0,89",89,MAX
24/12/2025 07:10,"0,56",56,MIN
24/12/2025 11:50,"0,98",98,MAX
24/12/2025 18:25,"0,09",9,MIN
25/12/2025 02:20,"0,84",84,MAX
25/12/2025 08:25,"0,51",51,MIN
25/12/2025 12:45,"0,69",69,MAX
25/12/2025 19:05,"0,1",10,MIN
26/12/2025 02:55,"0,69",69,MAX
26/12/2025 09:45,"0,27",27,MIN
26/12/2025 13:50,"0,43",43,MAX
26/12/2025 20:30,"-0,04",-4,MIN
27/12/2025 04:05,"0,55",55,MAX
27/12/2025 10:20,"0,03",3,MIN
27/12/2025 14:35,"0,28",28,MAX
27/12/2025 21:20,"-0,08",-8,MIN
28/12/2025 04:50,"0,64",64,MAX
28/12/2025 11:40,"0,09",9,MIN
28/12/2025 16:40,"0,31",31,MAX
28/12/2025 22:00,"0,01",1,MIN
29/12/2025 05:55,"0,68",68,MAX
29/12/2025 13:10,0,0,MIN
29/12/2025 19:00,"0,35",35,MAX
29/12/2025 22:50,"0,24",24,MIN
30/12/2025 06:15,"0,81",81,MAX
30/12/2025 14:25,"-0,06",-6,MIN
30/12/2025 20:55,"0,49",49,MAX
31/12/2025 00:45,"0,33",33,MIN
31/12/2025 06:55,"0,72",72,MAX
31/12/2025 15:20,"-0,32",-32,MIN
31/12/2025 22:05,"0,48",48,MAX
