Punta_Salute_CanalGrande-Venezia,latitudine_Nord,45431078,longitudine_Est,12336378
Data_ora_solare(UTC+1),livello(m),,,
2004-01-01 06:15:00,0.61,max,,
2004-01-01 14:20:00,0.15,min,,
2004-01-01 19:15:00,0.41,max,,
2004-01-01 23:45:00,0.19,min,,
2004-01-02 07:15:00,0.74,max,,
2004-01-02 15:15:00,0.06,min,,
2004-01-02 21:25:00,0.45,max,,
2004-01-03 01:10:00,0.31,min,,
2004-01-03 07:55:00,0.84,max,,
2004-01-03 15:20:00,-0.1,min,,
2004-01-03 21:25:00,0.44,max,,
2004-01-04 01:55:00,0.29,min,,
2004-01-04 08:05:00,0.78,max,,
2004-01-04 15:55:00,-0.21,min,,
2004-01-04 22:40:00,0.46,max,,
2004-01-05 02:30:00,0.32,min,,
2004-01-05 08:50:00,0.73,max,,
2004-01-05 16:20:00,-0.21,min,,
2004-01-05 23:15:00,0.58,max,,
2004-01-06 04:05:00,0.25,min,,
2004-01-06 09:20:00,0.65,max,,
2004-01-06 16:45:00,-0.4,min,,
2004-01-06 23:25:00,0.47,max,,
2004-01-07 04:15:00,0.08,min,,
2004-01-07 09:40:00,0.7,max,,
2004-01-07 17:00:00,-0.43,min,,
2004-01-07 23:50:00,0.52,max,,
2004-01-08 04:40:00,0.11,min,,
2004-01-08 09:55:00,0.66,max,,
2004-01-08 17:25:00,-0.45,min,,
2004-01-09 00:15:00,0.54,max,,
2004-01-09 05:05:00,0.13,min,,
2004-01-09 10:30:00,0.73,max,,
2004-01-09 18:00:00,-0.29,min,,
2004-01-10 00:45:00,0.54,max,,
2004-01-10 05:40:00,0.18,min,,
2004-01-10 11:15:00,0.63,max,,
2004-01-10 18:35:00,-0.44,min,,
2004-01-11 01:05:00,0.38,max,,
2004-01-11 06:20:00,0.01,min,,
2004-01-11 11:55:00,0.52,max,,
2004-01-11 19:10:00,-0.33,min,,
2004-01-12 02:10:00,0.55,max,,
2004-01-12 07:30:00,0.17,min,,
2004-01-12 12:30:00,0.57,max,,
2004-01-12 19:10:00,-0.19,min,,
2004-01-13 02:50:00,0.76,max,,
2004-01-13 08:05:00,0.22,min,,
2004-01-13 12:15:00,0.41,max,,
2004-01-13 18:35:00,-0.01,min,,
2004-01-14 02:55:00,0.85,max,,
2004-01-14 09:55:00,0.11,min,,
2004-01-14 14:30:00,0.29,max,,
2004-01-14 19:55:00,0.16,min,,
2004-01-15 03:10:00,0.72,max,,
2004-01-15 11:10:00,-0.05,min,,
2004-01-15 14:15:00,0.1,max,,
2004-01-15 21:50:00,-0.18,min,,
2004-01-16 05:00:00,0.98,max,,
2004-01-16 13:15:00,-0.11,min,,
2004-01-17 04:25:00,0.92,max,,
2004-01-17 14:05:00,-0.02,min,,
2004-01-17 22:50:00,0.71,max,,
2004-01-18 03:50:00,0.45,min,,
2004-01-18 06:25:00,0.53,max,,
2004-01-18 15:20:00,-0.05,min,,
2004-01-18 22:25:00,0.8,max,,
2004-01-19 03:45:00,0.19,min,,
2004-01-19 09:05:00,0.6,max,,
2004-01-19 15:15:00,-0.18,min,,
2004-01-19 22:05:00,0.57,max,,
2004-01-20 03:40:00,0.05,min,,
2004-01-20 09:45:00,0.85,max,,
2004-01-20 16:45:00,-0.18,min,,
2004-01-20 22:40:00,0.46,max,,
2004-01-21 03:25:00,0.01,min,,
2004-01-21 09:55:00,0.88,max,,
2004-01-21 17:55:00,-0.49,min,,
2004-01-22 00:00:00,0.35,max,,
2004-01-22 04:35:00,-0.01,min,,
2004-01-22 10:25:00,0.62,max,,
2004-01-22 17:30:00,-0.72,min,,
2004-01-23 01:00:00,0.49,max,,
2004-01-23 05:50:00,0.09,min,,
2004-01-23 10:45:00,0.6,max,,
2004-01-23 18:10:00,-0.62,min,,
2004-01-24 01:15:00,0.55,max,,
2004-01-24 06:25:00,0,min,,
2004-01-24 11:30:00,0.44,max,,
2004-01-24 18:15:00,-0.52,min,,
2004-01-25 01:35:00,0.6,max,,
2004-01-25 07:25:00,0.05,min,,
2004-01-25 12:00:00,0.44,max,,
2004-01-25 18:45:00,-0.38,min,,
2004-01-26 02:10:00,0.6,max,,
2004-01-26 07:50:00,0.05,min,,
2004-01-26 12:40:00,0.43,max,,
2004-01-26 19:00:00,-0.2,min,,
2004-01-27 02:35:00,0.66,max,,
2004-01-27 08:45:00,0.23,min,,
2004-01-27 12:40:00,0.52,max,,
2004-01-27 20:35:00,-0.1,min,,
2004-01-28 03:55:00,0.76,max,,
2004-01-28 10:55:00,0.29,min,,
2004-01-28 13:00:00,0.32,max,,
2004-01-28 19:15:00,-0.07,min,,
2004-01-29 02:45:00,0.81,max,,
2004-01-29 13:50:00,0.18,min,,
2004-01-29 15:55:00,0.2,max,,
2004-01-29 18:25:00,0.13,min,,
2004-01-30 03:30:00,0.63,max,,
2004-01-30 14:30:00,-0.11,min,,
2004-01-30 21:20:00,0.35,max,,
2004-01-30 23:25:00,0.29,min,,
2004-01-31 04:20:00,0.4,max,,
2004-01-31 14:00:00,-0.17,min,,
2004-01-31 20:40:00,0.43,max,,
2004-02-01 01:05:00,0.26,min,,
2004-02-01 06:35:00,0.44,max,,
2004-02-01 14:10:00,-0.18,min,,
2004-02-01 21:30:00,0.39,max,,
2004-02-02 02:20:00,0.13,min,,
2004-02-02 07:20:00,0.39,max,,
2004-02-02 15:20:00,-0.28,min,,
2004-02-02 21:50:00,0.43,max,,
2004-02-03 03:00:00,0.06,min,,
2004-02-03 08:25:00,0.44,max,,
2004-02-03 16:10:00,-0.52,min,,
2004-02-03 22:30:00,0.33,max,,
2004-02-04 03:05:00,-0.02,min,,
2004-02-04 09:00:00,0.53,max,,
2004-02-04 16:05:00,-0.54,min,,
2004-02-04 23:30:00,0.36,max,,
2004-02-05 04:05:00,0.04,min,,
2004-02-05 09:25:00,0.47,max,,
2004-02-05 16:55:00,-0.61,min,,
2004-02-05 23:50:00,0.47,max,,
2004-02-06 05:10:00,-0.05,min,,
2004-02-06 10:25:00,0.43,max,,
2004-02-06 17:00:00,-0.63,min,,
2004-02-07 00:00:00,0.51,max,,
2004-02-07 05:35:00,-0.14,min,,
2004-02-07 10:40:00,0.47,max,,
2004-02-07 17:30:00,-0.49,min,,
2004-02-08 00:10:00,0.57,max,,
2004-02-08 06:10:00,-0.17,min,,
2004-02-08 11:35:00,0.43,max,,
2004-02-08 18:05:00,-0.41,min,,
2004-02-09 00:35:00,0.59,max,,
2004-02-09 07:15:00,-0.27,min,,
2004-02-09 12:35:00,0.33,max,,
2004-02-09 18:20:00,-0.45,min,,
2004-02-10 01:20:00,0.48,max,,
2004-02-10 07:25:00,-0.31,min,,
2004-02-10 12:35:00,0.34,max,,
2004-02-10 18:55:00,-0.47,min,,
2004-02-11 01:45:00,0.43,max,,
2004-02-11 07:30:00,-0.18,min,,
2004-02-11 12:20:00,0.36,max,,
2004-02-11 19:05:00,-0.28,min,,
2004-02-12 02:45:00,0.44,max,,
2004-02-12 08:55:00,-0.07,min,,
2004-02-12 12:05:00,0.04,max,,
2004-02-12 19:50:00,-0.44,min,,
2004-02-13 02:50:00,0.4,max,,
2004-02-13 11:10:00,-0.32,min,,
2004-02-13 14:40:00,-0.25,max,,
2004-02-13 18:15:00,-0.3,min,,
2004-02-14 04:15:00,0.38,max,,
2004-02-14 12:25:00,-0.38,min,,
2004-02-15 04:30:00,0.43,max,,
2004-02-15 14:15:00,-0.47,min,,
2004-02-15 21:55:00,0.35,max,,
2004-02-16 01:25:00,0.15,min,,
2004-02-16 06:20:00,0.38,max,,
2004-02-16 14:20:00,-0.51,min,,
2004-02-16 21:50:00,0.37,max,,
2004-02-17 03:00:00,0,min,,
2004-02-17 07:35:00,0.28,max,,
2004-02-17 15:30:00,-0.55,min,,
2004-02-17 22:45:00,0.4,max,,
2004-02-18 03:45:00,-0.09,min,,
2004-02-18 09:15:00,0.45,max,,
2004-02-18 16:00:00,-0.52,min,,
2004-02-18 23:05:00,0.51,max,,
2004-02-19 03:50:00,0.02,min,,
2004-02-19 10:05:00,0.75,max,,
2004-02-19 16:40:00,-0.23,min,,
2004-02-19 23:20:00,0.66,max,,
2004-02-20 04:55:00,-0.02,min,,
2004-02-20 10:40:00,0.63,max,,
2004-02-20 17:10:00,-0.42,min,,
2004-02-20 23:45:00,0.45,max,,
2004-02-21 05:40:00,-0.23,min,,
2004-02-21 11:30:00,0.58,max,,
2004-02-21 17:40:00,-0.39,min,,
2004-02-22 00:05:00,0.7,max,,
2004-02-22 05:25:00,0.16,min,,
2004-02-22 11:05:00,0.79,max,,
2004-02-22 18:00:00,-0.2,min,,
2004-02-23 00:35:00,0.7,max,,
2004-02-23 05:55:00,0.24,min,,
2004-02-23 12:05:00,0.75,max,,
2004-02-23 18:25:00,-0.12,min,,
2004-02-24 01:30:00,0.81,max,,
2004-02-24 07:15:00,0.14,min,,
2004-02-24 12:20:00,0.62,max,,
2004-02-24 18:40:00,-0.17,min,,
2004-02-25 01:00:00,0.71,max,,
2004-02-25 07:35:00,0,min,,
2004-02-25 13:05:00,0.45,max,,
2004-02-25 18:25:00,0.06,min,,
2004-02-26 01:00:00,0.75,max,,
2004-02-26 08:05:00,0.14,min,,
2004-02-26 13:55:00,0.44,max,,
2004-02-26 18:35:00,0.15,min,,
2004-02-27 01:05:00,0.79,max,,
2004-02-27 09:15:00,0.22,min,,
2004-02-27 14:15:00,0.47,max,,
2004-02-27 18:35:00,0.33,min,,
2004-02-28 01:25:00,0.81,max,,
2004-02-28 09:25:00,0.25,min,,
2004-02-28 21:40:00,0.89,max,,
2004-02-29 09:45:00,0.38,min,,
2004-02-29 17:55:00,0.67,max,,
2004-03-01 02:50:00,0.37,min,,
2004-03-01 09:35:00,0.73,max,,
2004-03-01 17:25:00,0.22,min,,
2004-03-01 21:15:00,0.35,max,,
2004-03-02 01:55:00,0.13,min,,
2004-03-02 08:20:00,0.71,max,,
2004-03-02 15:50:00,-0.16,min,,
2004-03-02 22:25:00,0.34,max,,
2004-03-03 02:20:00,0.21,min,,
2004-03-03 08:10:00,0.6,max,,
2004-03-03 16:00:00,-0.48,min,,
2004-03-03 22:55:00,0.42,max,,
2004-03-04 03:30:00,0.12,min,,
2004-03-04 08:40:00,0.55,max,,
2004-03-04 15:45:00,-0.56,min,,
2004-03-04 22:55:00,0.55,max,,
2004-03-05 03:55:00,0.09,min,,
2004-03-05 09:10:00,0.57,max,,
2004-03-05 16:15:00,-0.44,min,,
2004-03-05 23:15:00,0.66,max,,
2004-03-06 04:50:00,-0.01,min,,
2004-03-06 09:50:00,0.58,max,,
2004-03-06 16:50:00,-0.38,min,,
2004-03-06 23:30:00,0.71,max,,
2004-03-07 05:10:00,-0.06,min,,
2004-03-07 11:20:00,0.81,max,,
2004-03-07 17:15:00,0.03,min,,
2004-03-07 23:20:00,0.91,max,,
2004-03-08 05:55:00,-0.11,min,,
2004-03-08 12:05:00,0.74,max,,
2004-03-08 17:55:00,-0.01,min,,
2004-03-08 23:30:00,0.71,max,,
2004-03-09 06:15:00,-0.31,min,,
2004-03-09 12:10:00,0.62,max,,
2004-03-09 18:10:00,-0.16,min,,
2004-03-10 00:10:00,0.64,max,,
2004-03-10 06:20:00,-0.2,min,,
2004-03-10 12:20:00,0.5,max,,
2004-03-10 18:25:00,-0.17,min,,
2004-03-11 00:55:00,0.6,max,,
2004-03-11 07:00:00,-0.03,min,,
2004-03-11 12:50:00,0.58,max,,
2004-03-11 18:40:00,0.1,min,,
2004-03-12 00:40:00,0.69,max,,
2004-03-12 08:15:00,-0.13,min,,
2004-03-12 13:30:00,0.13,max,,
2004-03-12 16:40:00,0.06,min,,
2004-03-13 01:35:00,0.52,max,,
2004-03-13 09:35:00,-0.19,min,,
2004-03-14 00:55:00,0.4,max,,
2004-03-14 11:10:00,-0.21,min,,
2004-03-14 21:05:00,0.31,max,,
2004-03-15 12:55:00,-0.26,min,,
2004-03-15 20:45:00,0.31,max,,
2004-03-16 02:15:00,-0.05,min,,
2004-03-16 07:30:00,0.14,max,,
2004-03-16 14:35:00,-0.41,min,,
2004-03-16 21:05:00,0.31,max,,
2004-03-17 03:05:00,-0.17,min,,
2004-03-17 08:30:00,0.3,max,,
2004-03-17 14:50:00,-0.51,min,,
2004-03-17 21:55:00,0.33,max,,
2004-03-18 03:25:00,-0.19,min,,
2004-03-18 08:50:00,0.36,max,,
2004-03-18 15:35:00,-0.55,min,,
2004-03-18 22:30:00,0.45,max,,
2004-03-19 04:05:00,-0.2,min,,
2004-03-19 09:30:00,0.42,max,,
2004-03-19 16:05:00,-0.52,min,,
2004-03-19 23:00:00,0.59,max,,
2004-03-20 04:55:00,-0.24,min,,
2004-03-20 10:10:00,0.43,max,,
2004-03-20 16:25:00,-0.48,min,,
2004-03-20 23:10:00,0.64,max,,
2004-03-21 05:20:00,-0.31,min,,
2004-03-21 10:50:00,0.43,max,,
2004-03-21 16:20:00,-0.31,min,,
2004-03-21 23:05:00,0.69,max,,
2004-03-22 05:45:00,-0.28,min,,
2004-03-22 11:30:00,0.48,max,,
2004-03-22 17:00:00,-0.27,min,,
2004-03-22 23:25:00,0.64,max,,
2004-03-23 05:55:00,-0.28,min,,
2004-03-23 11:50:00,0.52,max,,
2004-03-23 17:20:00,0,min,,
2004-03-23 23:50:00,0.66,max,,
2004-03-24 06:05:00,-0.22,min,,
2004-03-24 12:50:00,0.52,max,,
2004-03-24 17:45:00,0.04,min,,
2004-03-24 23:35:00,0.6,max,,
2004-03-25 07:10:00,-0.17,min,,
2004-03-25 13:05:00,0.45,max,,
2004-03-25 18:20:00,0.07,min,,
2004-03-26 00:40:00,0.49,max,,
2004-03-26 07:35:00,-0.15,min,,
2004-03-26 13:25:00,0.34,max,,
2004-03-26 18:10:00,0.06,min,,
2004-03-26 23:55:00,0.48,max,,
2004-03-27 08:10:00,-0.12,min,,
2004-03-27 14:00:00,0.32,max,,
2004-03-27 18:30:00,0.07,min,,
2004-03-27 23:50:00,0.35,max,,
2004-03-28 09:00:00,-0.06,min,,
2004-03-28 16:45:00,0.13,max,,
2004-03-28 20:05:00,0.07,min,,
2004-03-29 01:15:00,0.24,max,,
2004-03-29 11:50:00,-0.16,min,,
2004-03-29 22:30:00,0.2,max,,
2004-03-30 03:50:00,0.16,min,,
2004-03-30 06:15:00,0.18,max,,
2004-03-30 13:35:00,-0.18,min,,
2004-03-30 20:45:00,0.38,max,,
2004-03-31 02:20:00,0.15,min,,
2004-03-31 06:55:00,0.34,max,,
2004-03-31 14:20:00,-0.17,min,,
2004-03-31 21:00:00,0.51,max,,
2004-04-01 02:50:00,0.05,min,,
2004-04-01 07:50:00,0.44,max,,
2004-04-01 14:10:00,-0.23,min,,
2004-04-01 21:35:00,0.55,max,,
2004-04-02 03:20:00,-0.07,min,,
2004-04-02 08:50:00,0.48,max,,
2004-04-02 15:05:00,-0.29,min,,
2004-04-02 21:30:00,0.65,max,,
2004-04-03 03:40:00,-0.11,min,,
2004-04-03 09:20:00,0.56,max,,
2004-04-03 15:45:00,-0.25,min,,
2004-04-03 22:00:00,0.67,max,,
2004-04-04 04:15:00,-0.21,min,,
2004-04-04 10:05:00,0.55,max,,
2004-04-04 16:05:00,-0.31,min,,
2004-04-04 22:30:00,0.71,max,,
2004-04-05 04:40:00,-0.23,min,,
2004-04-05 10:35:00,0.58,max,,
2004-04-05 16:25:00,-0.17,min,,
2004-04-05 22:55:00,0.83,max,,
2004-04-06 05:35:00,-0.28,min,,
2004-04-06 11:30:00,0.58,max,,
2004-04-06 16:45:00,-0.04,min,,
2004-04-06 23:00:00,0.93,max,,
2004-04-07 05:50:00,-0.23,min,,
2004-04-07 11:20:00,0.52,max,,
2004-04-07 17:25:00,0.06,min,,
2004-04-07 23:40:00,0.75,max,,
2004-04-08 06:30:00,-0.31,min,,
2004-04-08 13:30:00,0.55,max,,
2004-04-08 18:05:00,0.11,min,,
2004-04-09 00:10:00,0.66,max,,
2004-04-09 06:50:00,-0.25,min,,
2004-04-09 13:45:00,0.53,max,,
2004-04-09 18:20:00,0.23,min,,
2004-04-10 00:05:00,0.69,max,,
2004-04-10 07:20:00,-0.08,min,,
2004-04-10 13:30:00,0.39,max,,
2004-04-10 18:00:00,0.35,min,,
2004-04-10 23:20:00,0.55,max,,
2004-04-11 10:20:00,-0.01,min,,
2004-04-11 19:10:00,0.42,max,,
2004-04-12 00:05:00,0.36,min,,
2004-04-12 03:50:00,0.43,max,,
2004-04-12 12:00:00,-0.01,min,,
2004-04-12 20:40:00,0.57,max,,
2004-04-13 02:35:00,0.36,min,,
2004-04-13 05:20:00,0.41,max,,
2004-04-13 12:30:00,0.01,min,,
2004-04-13 20:30:00,0.61,max,,
2004-04-14 02:45:00,0.14,min,,
2004-04-14 07:25:00,0.39,max,,
2004-04-14 13:40:00,-0.16,min,,
2004-04-14 20:30:00,0.58,max,,
2004-04-15 02:50:00,-0.07,min,,
2004-04-15 08:00:00,0.34,max,,
2004-04-15 14:30:00,-0.27,min,,
2004-04-15 21:20:00,0.57,max,,
2004-04-16 03:25:00,-0.25,min,,
2004-04-16 08:45:00,0.37,max,,
2004-04-16 14:25:00,-0.34,min,,
2004-04-16 21:45:00,0.65,max,,
2004-04-17 03:35:00,-0.13,min,,
2004-04-17 09:20:00,0.52,max,,
2004-04-17 15:25:00,-0.11,min,,
2004-04-17 21:55:00,0.76,max,,
2004-04-18 04:10:00,-0.19,min,,
2004-04-18 09:55:00,0.58,max,,
2004-04-18 15:40:00,-0.08,min,,
2004-04-18 22:15:00,0.76,max,,
2004-04-19 04:35:00,-0.2,min,,
2004-04-19 10:40:00,0.68,max,,
2004-04-19 16:10:00,0.12,min,,
2004-04-19 22:25:00,0.91,max,,
2004-04-20 05:20:00,-0.11,min,,
2004-04-20 11:20:00,0.59,max,,
2004-04-20 16:10:00,0.19,min,,
2004-04-20 22:15:00,0.85,max,,
2004-04-21 06:00:00,-0.33,min,,
2004-04-21 12:10:00,0.49,max,,
2004-04-21 16:50:00,0.08,min,,
2004-04-21 23:00:00,0.66,max,,
2004-04-22 05:55:00,-0.31,min,,
2004-04-22 12:25:00,0.54,max,,
2004-04-22 17:25:00,0.09,min,,
2004-04-22 23:05:00,0.67,max,,
2004-04-23 06:20:00,-0.22,min,,
2004-04-23 12:45:00,0.47,max,,
2004-04-23 17:25:00,0.11,min,,
2004-04-23 23:15:00,0.63,max,,
2004-04-24 06:10:00,-0.2,min,,
2004-04-24 14:00:00,0.38,max,,
2004-04-24 17:05:00,0.2,min,,
2004-04-24 23:25:00,0.66,max,,
2004-04-25 07:55:00,-0.19,min,,
2004-04-25 15:50:00,0.4,max,,
2004-04-25 18:30:00,0.31,min,,
2004-04-25 22:55:00,0.44,max,,
2004-04-26 08:20:00,-0.14,min,,
2004-04-26 17:30:00,0.4,max,,
2004-04-27 09:10:00,-0.01,min,,
2004-04-27 18:15:00,0.45,max,,
2004-04-28 11:40:00,0.01,min,,
2004-04-28 19:25:00,0.58,max,,
2004-04-29 02:10:00,0.21,min,,
2004-04-29 06:00:00,0.32,max,,
2004-04-29 13:00:00,-0.06,min,,
2004-04-29 20:15:00,0.7,max,,
2004-04-30 02:45:00,0.1,min,,
2004-04-30 08:30:00,0.64,max,,
2004-04-30 13:45:00,0.1,min,,
2004-04-30 20:00:00,0.79,max,,
2004-05-01 02:35:00,-0.05,min,,
2004-05-01 08:35:00,0.58,max,,
2004-05-01 14:15:00,0.04,min,,
2004-05-01 20:05:00,0.75,max,,
2004-05-02 03:20:00,-0.07,min,,
2004-05-02 09:15:00,0.63,max,,
2004-05-02 15:05:00,-0.05,min,,
2004-05-02 21:35:00,0.81,max,,
2004-05-03 04:05:00,-0.16,min,,
2004-05-03 09:45:00,0.61,max,,
2004-05-03 15:30:00,-0.09,min,,
2004-05-03 21:55:00,0.96,max,,
2004-05-04 04:20:00,-0.12,min,,
2004-05-04 10:35:00,1.06,max,,
2004-05-04 16:10:00,0.38,min,,
2004-05-04 21:25:00,1.08,max,,
2004-05-05 05:05:00,-0.12,min,,
2004-05-05 11:45:00,1,max,,
2004-05-05 17:10:00,0.41,min,,
2004-05-05 22:30:00,1.04,max,,
2004-05-06 05:20:00,0.01,min,,
2004-05-06 12:25:00,0.92,max,,
2004-05-06 17:50:00,0.29,min,,
2004-05-06 23:30:00,1.01,max,,
2004-05-07 06:35:00,-0.03,min,,
2004-05-07 14:10:00,0.82,max,,
2004-05-07 18:15:00,0.42,min,,
2004-05-07 23:30:00,1.03,max,,
2004-05-08 07:35:00,-0.1,min,,
2004-05-08 14:30:00,0.75,max,,
2004-05-08 19:10:00,0.47,min,,
2004-05-09 00:05:00,0.79,max,,
2004-05-09 07:15:00,-0.1,min,,
2004-05-09 16:35:00,0.68,max,,
2004-05-09 20:30:00,0.51,min,,
2004-05-10 00:45:00,0.61,max,,
2004-05-10 09:05:00,-0.03,min,,
2004-05-10 17:50:00,0.64,max,,
2004-05-11 09:40:00,0.05,min,,
2004-05-11 18:10:00,0.67,max,,
2004-05-12 01:25:00,0.29,min,,
2004-05-12 04:30:00,0.32,max,,
2004-05-12 11:15:00,0.03,min,,
2004-05-12 19:25:00,0.7,max,,
2004-05-13 02:15:00,0.16,min,,
2004-05-13 06:50:00,0.46,max,,
2004-05-13 12:25:00,0.04,min,,
2004-05-13 19:30:00,0.76,max,,
2004-05-14 02:20:00,0.06,min,,
2004-05-14 07:50:00,0.48,max,,
2004-05-14 13:20:00,0.03,min,,
2004-05-14 20:15:00,0.72,max,,
2004-05-15 03:10:00,-0.03,min,,
2004-05-15 08:35:00,0.45,max,,
2004-05-15 14:25:00,0,min,,
2004-05-15 20:55:00,0.66,max,,
2004-05-16 03:45:00,-0.17,min,,
2004-05-16 09:55:00,0.52,max,,
2004-05-16 14:20:00,0.03,min,,
2004-05-16 20:05:00,0.74,max,,
2004-05-17 03:50:00,-0.37,min,,
2004-05-17 09:45:00,0.38,max,,
2004-05-17 14:50:00,-0.03,min,,
2004-05-17 21:10:00,0.63,max,,
2004-05-18 04:25:00,-0.36,min,,
2004-05-18 10:25:00,0.41,max,,
2004-05-18 15:25:00,-0.03,min,,
2004-05-18 21:45:00,0.6,max,,
2004-05-19 04:50:00,-0.39,min,,
2004-05-19 11:15:00,0.44,max,,
2004-05-19 16:05:00,0.03,min,,
2004-05-19 22:20:00,0.65,max,,
2004-05-20 05:20:00,-0.34,min,,
2004-05-20 11:40:00,0.4,max,,
2004-05-20 16:25:00,0.07,min,,
2004-05-20 22:30:00,0.68,max,,
2004-05-21 05:50:00,-0.3,min,,
2004-05-21 12:05:00,0.44,max,,
2004-05-21 16:15:00,0.26,min,,
2004-05-21 22:30:00,0.78,max,,
2004-05-22 06:15:00,-0.3,min,,
2004-05-22 14:10:00,0.46,max,,
2004-05-22 17:40:00,0.27,min,,
2004-05-22 23:25:00,0.61,max,,
2004-05-23 07:20:00,-0.28,min,,
2004-05-23 14:15:00,0.5,max,,
2004-05-23 17:20:00,0.38,min,,
2004-05-23 23:00:00,0.52,max,,
2004-05-24 07:15:00,-0.27,min,,
2004-05-24 14:40:00,0.47,max,,
2004-05-24 19:20:00,0.22,min,,
2004-05-24 23:55:00,0.37,max,,
2004-05-25 07:05:00,-0.2,min,,
2004-05-25 15:00:00,0.41,max,,
2004-05-25 20:45:00,0.2,min,,
2004-05-26 00:30:00,0.26,max,,
2004-05-26 08:15:00,-0.09,min,,
2004-05-26 17:15:00,0.41,max,,
2004-05-26 22:40:00,0.2,min,,
2004-05-27 02:25:00,0.27,max,,
2004-05-27 11:00:00,-0.06,min,,
2004-05-27 18:35:00,0.51,max,,
2004-05-28 00:45:00,0.12,min,,
2004-05-28 05:30:00,0.29,max,,
2004-05-28 12:10:00,-0.15,min,,
2004-05-28 18:55:00,0.59,max,,
2004-05-29 01:45:00,-0.01,min,,
2004-05-29 06:35:00,0.21,max,,
2004-05-29 12:30:00,-0.08,min,,
2004-05-29 19:15:00,0.6,max,,
2004-05-30 02:40:00,-0.17,min,,
2004-05-30 08:15:00,0.31,max,,
2004-05-30 13:20:00,-0.07,min,,
2004-05-30 20:10:00,0.67,max,,
2004-05-31 03:05:00,-0.28,min,,
2004-05-31 09:05:00,0.46,max,,
2004-05-31 14:05:00,-0.04,min,,
2004-05-31 20:50:00,0.82,max,,
2004-06-01 03:40:00,-0.26,min,,
2004-06-01 09:40:00,0.51,max,,
2004-06-01 14:40:00,0.04,min,,
2004-06-01 21:00:00,0.9,max,,
2004-06-02 04:25:00,-0.33,min,,
2004-06-02 10:35:00,0.54,max,,
2004-06-02 15:20:00,0.12,min,,
2004-06-02 21:30:00,0.9,max,,
2004-06-03 04:55:00,-0.41,min,,
2004-06-03 11:35:00,0.55,max,,
2004-06-03 16:00:00,0.19,min,,
2004-06-03 21:55:00,0.76,max,,
2004-06-04 05:30:00,-0.44,min,,
2004-06-04 12:45:00,0.6,max,,
2004-06-04 17:10:00,0.25,min,,
2004-06-04 22:45:00,0.79,max,,
2004-06-05 06:05:00,-0.35,min,,
2004-06-05 13:30:00,0.61,max,,
2004-06-05 18:05:00,0.26,min,,
2004-06-05 23:00:00,0.68,max,,
2004-06-06 07:25:00,-0.29,min,,
2004-06-06 14:00:00,0.57,max,,
2004-06-06 18:05:00,0.23,min,,
2004-06-07 00:05:00,0.61,max,,
2004-06-07 07:20:00,-0.25,min,,
2004-06-07 14:30:00,0.49,max,,
2004-06-07 19:40:00,0.27,min,,
2004-06-08 00:20:00,0.47,max,,
2004-06-08 08:25:00,-0.21,min,,
2004-06-08 16:30:00,0.49,max,,
2004-06-08 22:15:00,0.2,min,,
2004-06-09 01:50:00,0.31,max,,
2004-06-09 09:15:00,-0.19,min,,
2004-06-09 17:55:00,0.54,max,,
2004-06-10 00:10:00,0.12,min,,
2004-06-10 04:10:00,0.23,max,,
2004-06-10 10:05:00,-0.18,min,,
2004-06-10 18:25:00,0.58,max,,
2004-06-11 01:50:00,0.04,min,,
2004-06-11 05:55:00,0.16,max,,
2004-06-11 11:10:00,-0.07,min,,
2004-06-11 18:50:00,0.67,max,,
2004-06-12 02:05:00,-0.07,min,,
2004-06-12 07:00:00,0.23,max,,
2004-06-12 11:45:00,0,min,,
2004-06-12 18:50:00,0.76,max,,
2004-06-13 03:15:00,-0.22,min,,
2004-06-13 09:35:00,0.3,max,,
2004-06-13 12:35:00,0.06,min,,
2004-06-13 19:50:00,0.69,max,,
2004-06-14 03:35:00,-0.26,min,,
2004-06-14 10:05:00,0.41,max,,
2004-06-14 14:00:00,0.16,min,,
2004-06-14 20:00:00,0.66,max,,
2004-06-15 03:55:00,-0.4,min,,
2004-06-15 10:15:00,0.44,max,,
2004-06-15 15:00:00,0.09,min,,
2004-06-15 20:45:00,0.67,max,,
2004-06-16 03:55:00,-0.3,min,,
2004-06-16 10:20:00,0.51,max,,
2004-06-16 15:00:00,0.09,min,,
2004-06-16 21:15:00,0.68,max,,
2004-06-17 04:20:00,-0.32,min,,
2004-06-17 10:50:00,0.39,max,,
2004-06-17 16:00:00,0.17,min,,
2004-06-17 22:05:00,0.7,max,,
2004-06-18 05:10:00,-0.29,min,,
2004-06-18 11:25:00,0.54,max,,
2004-06-18 15:45:00,0.18,min,,
2004-06-18 21:55:00,0.75,max,,
2004-06-19 05:35:00,-0.19,min,,
2004-06-19 12:15:00,0.58,max,,
2004-06-19 16:45:00,0.34,min,,
2004-06-19 23:15:00,0.83,max,,
2004-06-20 06:00:00,-0.17,min,,
2004-06-20 12:55:00,0.66,max,,
2004-06-20 17:10:00,0.46,min,,
2004-06-20 22:50:00,0.84,max,,
2004-06-21 06:30:00,-0.26,min,,
2004-06-21 13:55:00,0.68,max,,
2004-06-21 18:20:00,0.42,min,,
2004-06-21 22:45:00,0.66,max,,
2004-06-22 07:10:00,-0.27,min,,
2004-06-22 14:50:00,0.61,max,,
2004-06-22 19:55:00,0.32,min,,
2004-06-23 00:15:00,0.48,max,,
2004-06-23 07:15:00,-0.19,min,,
2004-06-23 15:15:00,0.6,max,,
2004-06-23 20:50:00,0.25,min,,
2004-06-24 01:15:00,0.43,max,,
2004-06-24 08:15:00,-0.11,min,,
2004-06-24 15:30:00,0.59,max,,
2004-06-24 21:25:00,0.27,min,,
2004-06-25 01:25:00,0.36,max,,
2004-06-25 10:10:00,0,min,,
2004-06-25 17:05:00,0.68,max,,
2004-06-26 00:05:00,0.18,min,,
2004-06-26 02:45:00,0.26,max,,
2004-06-26 09:45:00,0,min,,
2004-06-26 17:50:00,0.63,max,,
2004-06-27 01:15:00,-0.02,min,,
2004-06-27 06:45:00,0.19,max,,
2004-06-27 11:05:00,0.05,min,,
2004-06-27 18:05:00,0.67,max,,
2004-06-28 01:45:00,-0.14,min,,
2004-06-28 08:15:00,0.31,max,,
2004-06-28 12:25:00,0.11,min,,
2004-06-28 19:00:00,0.7,max,,
2004-06-29 02:50:00,-0.25,min,,
2004-06-29 09:30:00,0.45,max,,
2004-06-29 13:20:00,0.16,min,,
2004-06-29 19:25:00,0.78,max,,
2004-06-30 03:30:00,-0.37,min,,
2004-06-30 10:15:00,0.43,max,,
2004-06-30 14:15:00,0.19,min,,
2004-06-30 20:15:00,0.75,max,,
2004-07-01 04:15:00,-0.41,min,,
2004-07-01 11:15:00,0.58,max,,
2004-07-01 15:30:00,0.24,min,,
2004-07-01 21:20:00,0.85,max,,
2004-07-02 05:05:00,-0.36,min,,
2004-07-02 11:45:00,0.61,max,,
2004-07-02 16:00:00,0.24,min,,
2004-07-02 22:35:00,0.85,max,,
2004-07-03 06:10:00,-0.37,min,,
2004-07-03 12:35:00,0.54,max,,
2004-07-03 16:35:00,0.26,min,,
2004-07-03 23:00:00,0.71,max,,
2004-07-04 06:30:00,-0.45,min,,
2004-07-04 13:30:00,0.57,max,,
2004-07-04 18:00:00,0.2,min,,
2004-07-04 23:30:00,0.64,max,,
2004-07-05 06:50:00,-0.49,min,,
2004-07-05 14:05:00,0.61,max,,
2004-07-05 19:10:00,0.11,min,,
2004-07-06 00:20:00,0.56,max,,
2004-07-06 07:00:00,-0.38,min,,
2004-07-06 14:20:00,0.58,max,,
2004-07-06 19:40:00,0.16,min,,
2004-07-07 00:25:00,0.45,max,,
2004-07-07 07:20:00,-0.28,min,,
2004-07-07 15:15:00,0.6,max,,
2004-07-07 21:20:00,0.09,min,,
2004-07-08 01:15:00,0.34,max,,
2004-07-08 07:25:00,-0.19,min,,
2004-07-08 15:30:00,0.62,max,,
2004-07-08 22:25:00,0.13,min,,
2004-07-09 02:35:00,0.34,max,,
2004-07-09 08:55:00,0.02,min,,
2004-07-09 16:25:00,0.59,max,,
2004-07-09 23:45:00,0.06,min,,
2004-07-10 04:45:00,0.18,max,,
2004-07-10 09:40:00,0.03,min,,
2004-07-10 17:50:00,0.6,max,,
2004-07-11 02:10:00,-0.02,min,,
2004-07-11 07:05:00,0.19,max,,
2004-07-11 11:30:00,0.08,min,,
2004-07-11 18:25:00,0.71,max,,
2004-07-12 02:50:00,-0.16,min,,
2004-07-12 10:00:00,0.33,max,,
2004-07-12 12:25:00,0.16,min,,
2004-07-12 18:35:00,0.64,max,,
2004-07-13 02:50:00,-0.33,min,,
2004-07-13 10:05:00,0.36,max,,
2004-07-13 13:00:00,0.3,min,,
2004-07-13 19:25:00,0.62,max,,
2004-07-14 03:10:00,-0.4,min,,
2004-07-14 10:25:00,0.51,max,,
2004-07-14 14:40:00,0.33,min,,
2004-07-14 18:40:00,0.5,max,,
2004-07-15 03:20:00,-0.39,min,,
2004-07-15 10:55:00,0.62,max,,
2004-07-15 16:30:00,0.18,min,,
2004-07-15 21:10:00,0.44,max,,
2004-07-16 04:05:00,-0.38,min,,
2004-07-16 10:50:00,0.63,max,,
2004-07-16 16:40:00,0.05,min,,
2004-07-16 21:50:00,0.55,max,,
2004-07-17 04:35:00,-0.31,min,,
2004-07-17 11:05:00,0.51,max,,
2004-07-17 16:35:00,0.03,min,,
2004-07-17 22:10:00,0.62,max,,
2004-07-18 05:20:00,-0.3,min,,
2004-07-18 11:50:00,0.44,max,,
2004-07-18 16:35:00,0.08,min,,
2004-07-18 22:55:00,0.63,max,,
2004-07-19 06:15:00,-0.41,min,,
2004-07-19 12:15:00,0.47,max,,
2004-07-19 17:35:00,0.06,min,,
2004-07-19 23:05:00,0.62,max,,
2004-07-20 06:20:00,-0.43,min,,
2004-07-20 13:10:00,0.51,max,,
2004-07-20 18:05:00,0.12,min,,
2004-07-20 23:30:00,0.57,max,,
2004-07-21 06:50:00,-0.39,min,,
2004-07-21 13:45:00,0.55,max,,
2004-07-21 18:55:00,0.09,min,,
2004-07-22 00:00:00,0.47,max,,
2004-07-22 07:05:00,-0.33,min,,
2004-07-22 14:15:00,0.55,max,,
2004-07-22 20:00:00,0.05,min,,
2004-07-23 00:50:00,0.36,max,,
2004-07-23 07:25:00,-0.24,min,,
2004-07-23 14:25:00,0.56,max,,
2004-07-23 20:30:00,0.03,min,,
2004-07-24 01:25:00,0.28,max,,
2004-07-24 07:30:00,-0.14,min,,
2004-07-24 15:15:00,0.61,max,,
2004-07-24 22:05:00,0.03,min,,
2004-07-25 02:55:00,0.23,max,,
2004-07-25 07:35:00,-0.01,min,,
2004-07-25 15:40:00,0.71,max,,
2004-07-26 01:20:00,0.03,min,,
2004-07-26 17:15:00,0.71,max,,
2004-07-27 01:15:00,-0.12,min,,
2004-07-27 09:25:00,0.46,max,,
2004-07-27 11:50:00,0.38,min,,
2004-07-27 18:05:00,0.71,max,,
2004-07-28 02:50:00,-0.28,min,,
2004-07-28 09:35:00,0.51,max,,
2004-07-28 13:20:00,0.27,min,,
2004-07-28 19:30:00,0.69,max,,
2004-07-29 03:15:00,-0.31,min,,
2004-07-29 10:15:00,0.6,max,,
2004-07-29 15:00:00,0.26,min,,
2004-07-29 20:25:00,0.74,max,,
2004-07-30 03:50:00,-0.35,min,,
2004-07-30 10:40:00,0.63,max,,
2004-07-30 16:00:00,0.2,min,,
2004-07-30 21:25:00,0.71,max,,
2004-07-31 04:40:00,-0.4,min,,
2004-07-31 11:30:00,0.6,max,,
2004-07-31 16:35:00,0.09,min,,
2004-07-31 22:20:00,0.72,max,,
2004-08-01 05:10:00,-0.42,min,,
2004-08-01 12:10:00,0.63,max,,
2004-08-01 17:35:00,0.08,min,,
2004-08-01 23:00:00,0.73,max,,
2004-08-02 05:50:00,-0.42,min,,
2004-08-02 12:50:00,0.64,max,,
2004-08-02 17:35:00,0.07,min,,
2004-08-02 23:45:00,0.72,max,,
2004-08-03 06:15:00,-0.37,min,,
2004-08-03 13:05:00,0.7,max,,
2004-08-03 18:40:00,0.12,min,,
2004-08-03 22:45:00,0.69,max,,
2004-08-04 06:15:00,-0.34,min,,
2004-08-04 14:00:00,0.67,max,,
2004-08-04 19:10:00,0.13,min,,
2004-08-04 23:35:00,0.48,max,,
2004-08-05 06:35:00,-0.24,min,,
2004-08-05 14:00:00,0.69,max,,
2004-08-05 20:35:00,0.15,min,,
2004-08-06 00:55:00,0.43,max,,
2004-08-06 06:55:00,-0.08,min,,
2004-08-06 14:40:00,0.7,max,,
2004-08-06 21:20:00,0.13,min,,
2004-08-07 01:05:00,0.31,max,,
2004-08-07 06:40:00,0,min,,
2004-08-07 15:10:00,0.66,max,,
2004-08-07 22:35:00,0.06,min,,
2004-08-08 04:35:00,0.22,max,,
2004-08-08 07:35:00,0.16,min,,
2004-08-08 14:45:00,0.58,max,,
2004-08-09 00:20:00,0.02,min,,
2004-08-09 07:05:00,0.29,max,,
2004-08-09 09:45:00,0.26,min,,
2004-08-09 15:30:00,0.56,max,,
2004-08-10 02:10:00,-0.06,min,,
2004-08-10 09:35:00,0.39,max,,
2004-08-10 12:40:00,0.36,min,,
2004-08-10 18:05:00,0.55,max,,
2004-08-11 02:10:00,-0.09,min,,
2004-08-11 10:20:00,0.53,max,,
2004-08-11 14:25:00,0.38,min,,
2004-08-11 19:35:00,0.61,max,,
2004-08-12 03:10:00,-0.12,min,,
2004-08-12 09:45:00,0.61,max,,
2004-08-12 14:40:00,0.32,min,,
2004-08-12 20:35:00,0.75,max,,
2004-08-13 03:55:00,-0.09,min,,
2004-08-13 10:15:00,0.67,max,,
2004-08-13 14:45:00,0.27,min,,
2004-08-13 21:10:00,0.85,max,,
2004-08-14 04:10:00,-0.15,min,,
2004-08-14 10:10:00,0.61,max,,
2004-08-14 15:10:00,0.23,min,,
2004-08-14 22:00:00,0.78,max,,
2004-08-15 04:45:00,-0.26,min,,
2004-08-15 11:30:00,0.63,max,,
2004-08-15 16:45:00,0.18,min,,
2004-08-15 22:05:00,0.69,max,,
2004-08-16 05:00:00,-0.34,min,,
2004-08-16 11:50:00,0.76,max,,
2004-08-16 17:35:00,0.09,min,,
2004-08-16 22:45:00,0.65,max,,
2004-08-17 05:15:00,-0.25,min,,
2004-08-17 12:00:00,0.8,max,,
2004-08-17 17:50:00,0.07,min,,
2004-08-17 23:20:00,0.73,max,,
2004-08-18 05:40:00,-0.16,min,,
2004-08-18 12:10:00,0.77,max,,
2004-08-18 18:10:00,0.11,min,,
2004-08-18 23:35:00,0.76,max,,
2004-08-19 06:15:00,-0.19,min,,
2004-08-19 12:55:00,0.7,max,,
2004-08-19 18:25:00,0.1,min,,
2004-08-20 00:00:00,0.69,max,,
2004-08-20 06:15:00,-0.13,min,,
2004-08-20 13:30:00,0.76,max,,
2004-08-20 19:30:00,0.22,min,,
2004-08-21 00:35:00,0.6,max,,
2004-08-21 06:50:00,-0.07,min,,
2004-08-21 12:35:00,0.72,max,,
2004-08-21 19:20:00,0.01,min,,
2004-08-22 01:20:00,0.33,max,,
2004-08-22 06:55:00,-0.21,min,,
2004-08-22 13:25:00,0.71,max,,
2004-08-22 22:30:00,-0.03,min,,
2004-08-23 02:25:00,0.07,max,,
2004-08-23 05:30:00,0.01,min,,
2004-08-23 14:10:00,0.65,max,,
2004-08-24 00:10:00,-0.16,min,,
2004-08-24 10:00:00,0.49,max,,
2004-08-24 12:00:00,0.46,min,,
2004-08-24 15:25:00,0.55,max,,
2004-08-25 00:35:00,-0.16,min,,
2004-08-25 08:35:00,0.54,max,,
2004-08-25 13:20:00,0.32,min,,
2004-08-25 18:30:00,0.63,max,,
2004-08-26 01:55:00,-0.06,min,,
2004-08-26 09:35:00,0.57,max,,
2004-08-26 13:30:00,0.12,min,,
2004-08-26 20:15:00,0.62,max,,
2004-08-27 03:20:00,-0.3,min,,
2004-08-27 10:50:00,0.56,max,,
2004-08-27 15:15:00,0.16,min,,
2004-08-27 20:30:00,0.65,max,,
2004-08-28 03:45:00,-0.3,min,,
2004-08-28 10:45:00,0.7,max,,
2004-08-28 16:10:00,0.13,min,,
2004-08-28 21:30:00,0.66,max,,
2004-08-29 04:15:00,-0.38,min,,
2004-08-29 11:00:00,0.72,max,,
2004-08-29 16:45:00,0.03,min,,
2004-08-29 22:20:00,0.74,max,,
2004-08-30 04:50:00,-0.34,min,,
2004-08-30 11:40:00,0.72,max,,
2004-08-30 17:00:00,-0.04,min,,
2004-08-30 22:50:00,0.75,max,,
2004-08-31 05:15:00,-0.32,min,,
2004-08-31 11:55:00,0.72,max,,
2004-08-31 17:45:00,0.03,min,,
2004-08-31 23:20:00,0.65,max,,
2004-09-01 05:45:00,-0.31,min,,
2004-09-01 12:30:00,0.71,max,,
2004-09-01 18:20:00,-0.09,min,,
2004-09-01 23:45:00,0.61,max,,
2004-09-02 05:55:00,-0.32,min,,
2004-09-02 12:35:00,0.68,max,,
2004-09-02 18:55:00,-0.1,min,,
2004-09-03 00:00:00,0.44,max,,
2004-09-03 05:55:00,-0.25,min,,
2004-09-03 12:40:00,0.65,max,,
2004-09-03 19:15:00,-0.1,min,,
2004-09-04 00:30:00,0.31,max,,
2004-09-04 06:10:00,-0.16,min,,
2004-09-04 12:50:00,0.55,max,,
2004-09-04 20:15:00,-0.1,min,,
2004-09-05 01:10:00,0.21,max,,
2004-09-05 06:00:00,-0.02,min,,
2004-09-05 13:10:00,0.55,max,,
2004-09-05 20:45:00,-0.04,min,,
2004-09-06 03:20:00,0.22,max,,
2004-09-06 06:50:00,0.17,min,,
2004-09-06 12:45:00,0.52,max,,
2004-09-06 20:55:00,0,min,,
2004-09-07 10:15:00,0.44,max,,
2004-09-08 01:10:00,0.01,min,,
2004-09-08 09:20:00,0.42,max,,
2004-09-08 15:55:00,0.25,min,,
2004-09-08 18:50:00,0.29,max,,
2004-09-09 01:40:00,-0.16,min,,
2004-09-09 08:50:00,0.46,max,,
2004-09-09 14:55:00,0.14,min,,
2004-09-09 19:55:00,0.41,max,,
2004-09-10 02:25:00,-0.22,min,,
2004-09-10 09:30:00,0.55,max,,
2004-09-10 15:10:00,0.07,min,,
2004-09-10 20:05:00,0.42,max,,
2004-09-11 02:55:00,-0.31,min,,
2004-09-11 09:45:00,0.6,max,,
2004-09-11 15:25:00,0.01,min,,
2004-09-11 20:50:00,0.52,max,,
2004-09-12 03:25:00,-0.26,min,,
2004-09-12 10:00:00,0.64,max,,
2004-09-12 15:40:00,0.03,min,,
2004-09-12 21:35:00,0.63,max,,
2004-09-13 04:30:00,-0.3,min,,
2004-09-13 10:45:00,0.6,max,,
2004-09-13 16:10:00,-0.03,min,,
2004-09-13 22:00:00,0.71,max,,
2004-09-14 04:40:00,-0.37,min,,
2004-09-14 11:05:00,0.67,max,,
2004-09-14 16:35:00,-0.03,min,,
2004-09-14 21:55:00,0.8,max,,
2004-09-15 04:45:00,-0.24,min,,
2004-09-15 11:25:00,0.72,max,,
2004-09-15 17:05:00,-0.07,min,,
2004-09-15 23:00:00,0.68,max,,
2004-09-16 04:40:00,-0.21,min,,
2004-09-16 11:30:00,0.68,max,,
2004-09-16 18:20:00,-0.1,min,,
2004-09-16 23:35:00,0.53,max,,
2004-09-17 05:00:00,-0.2,min,,
2004-09-17 12:05:00,0.76,max,,
2004-09-17 19:00:00,-0.15,min,,
2004-09-18 00:25:00,0.45,max,,
2004-09-18 05:50:00,-0.13,min,,
2004-09-18 12:35:00,0.8,max,,
2004-09-18 19:10:00,-0.19,min,,
2004-09-19 01:15:00,0.39,max,,
2004-09-19 05:55:00,0.03,min,,
2004-09-19 12:10:00,0.73,max,,
2004-09-19 19:40:00,-0.12,min,,
2004-09-20 02:05:00,0.4,max,,
2004-09-20 06:55:00,0.16,min,,
2004-09-20 12:45:00,0.64,max,,
2004-09-20 20:10:00,0,min,,
2004-09-21 03:10:00,0.32,max,,
2004-09-21 05:20:00,0.29,min,,
2004-09-21 12:40:00,0.55,max,,
2004-09-21 22:55:00,0.15,min,,
2004-09-22 08:35:00,0.44,max,,
2004-09-22 11:20:00,0.37,min,,
2004-09-22 17:15:00,0.53,max,,
2004-09-23 01:30:00,0.08,min,,
2004-09-23 09:00:00,0.63,max,,
2004-09-23 13:10:00,0.43,min,,
2004-09-23 19:05:00,0.74,max,,
2004-09-24 02:10:00,0.05,min,,
2004-09-24 09:10:00,0.82,max,,
2004-09-24 13:30:00,0.46,min,,
2004-09-24 19:10:00,0.89,max,,
2004-09-25 03:10:00,-0.16,min,,
2004-09-25 09:40:00,0.68,max,,
2004-09-25 15:40:00,0.34,min,,
2004-09-25 20:20:00,0.74,max,,
2004-09-26 03:20:00,-0.25,min,,
2004-09-26 10:45:00,0.88,max,,
2004-09-26 16:15:00,0.17,min,,
2004-09-26 21:15:00,0.76,max,,
2004-09-27 03:50:00,-0.21,min,,
2004-09-27 10:20:00,0.97,max,,
2004-09-27 16:25:00,-0.01,min,,
2004-09-27 21:55:00,0.71,max,,
2004-09-28 04:05:00,-0.2,min,,
2004-09-28 10:40:00,0.87,max,,
2004-09-28 17:10:00,-0.14,min,,
2004-09-28 22:45:00,0.66,max,,
2004-09-29 04:35:00,-0.16,min,,
2004-09-29 11:00:00,0.84,max,,
2004-09-29 17:20:00,-0.16,min,,
2004-09-29 23:20:00,0.68,max,,
2004-09-30 05:00:00,-0.08,min,,
2004-09-30 11:10:00,0.79,max,,
2004-09-30 17:40:00,-0.18,min,,
2004-09-30 23:40:00,0.64,max,,
2004-10-01 05:20:00,-0.05,min,,
2004-10-01 11:30:00,0.75,max,,
2004-10-01 18:00:00,-0.12,min,,
2004-10-02 00:05:00,0.59,max,,
2004-10-02 05:40:00,0.02,min,,
2004-10-02 11:45:00,0.69,max,,
2004-10-02 18:25:00,-0.1,min,,
2004-10-03 00:25:00,0.48,max,,
2004-10-03 05:40:00,0.04,min,,
2004-10-03 11:50:00,0.64,max,,
2004-10-03 19:05:00,-0.06,min,,
2004-10-04 00:50:00,0.32,max,,
2004-10-04 05:25:00,0.12,min,,
2004-10-04 12:00:00,0.59,max,,
2004-10-04 20:20:00,-0.04,min,,
2004-10-05 02:55:00,0.28,max,,
2004-10-05 05:55:00,0.22,min,,
2004-10-05 11:30:00,0.53,max,,
2004-10-05 20:35:00,-0.01,min,,
2004-10-06 11:55:00,0.46,max,,
2004-10-07 00:00:00,0.07,min,,
2004-10-07 08:40:00,0.49,max,,
2004-10-07 15:00:00,0.26,min,,
2004-10-07 18:45:00,0.34,max,,
2004-10-08 01:10:00,-0.02,min,,
2004-10-08 08:25:00,0.52,max,,
2004-10-08 14:00:00,0.19,min,,
2004-10-08 19:30:00,0.5,max,,
2004-10-09 01:50:00,-0.04,min,,
2004-10-09 08:35:00,0.65,max,,
2004-10-09 14:10:00,0.22,min,,
2004-10-09 20:00:00,0.66,max,,
2004-10-10 02:35:00,-0.03,min,,
2004-10-10 09:05:00,0.81,max,,
2004-10-10 15:05:00,0.18,min,,
2004-10-10 20:35:00,0.78,max,,
2004-10-11 03:00:00,-0.09,min,,
2004-10-11 09:40:00,0.86,max,,
2004-10-11 15:25:00,0.1,min,,
2004-10-11 21:10:00,0.7,max,,
2004-10-12 03:25:00,-0.1,min,,
2004-10-12 09:55:00,0.83,max,,
2004-10-12 16:10:00,0.01,min,,
2004-10-12 21:55:00,0.66,max,,
2004-10-13 03:55:00,-0.15,min,,
2004-10-13 10:20:00,0.87,max,,
2004-10-13 16:45:00,-0.1,min,,
2004-10-13 22:30:00,0.68,max,,
2004-10-14 04:15:00,-0.06,min,,
2004-10-14 10:35:00,0.98,max,,
2004-10-14 17:00:00,-0.17,min,,
2004-10-14 23:40:00,0.75,max,,
2004-10-15 04:45:00,0.2,min,,
2004-10-15 10:45:00,1.03,max,,
2004-10-15 17:45:00,-0.19,min,,
2004-10-15 23:50:00,0.85,max,,
2004-10-16 05:40:00,0.38,min,,
2004-10-16 11:30:00,1.07,max,,
2004-10-16 18:20:00,-0.16,min,,
2004-10-17 00:50:00,0.78,max,,
2004-10-17 05:10:00,0.36,min,,
2004-10-17 12:00:00,0.9,max,,
2004-10-17 18:30:00,-0.18,min,,
2004-10-18 02:10:00,0.73,max,,
2004-10-18 06:50:00,0.41,min,,
2004-10-18 12:10:00,0.69,max,,
2004-10-18 19:00:00,-0.05,min,,
2004-10-19 01:55:00,0.66,max,,
2004-10-19 07:15:00,0.29,min,,
2004-10-19 12:40:00,0.61,max,,
2004-10-19 19:35:00,0.17,min,,
2004-10-20 01:50:00,0.43,max,,
2004-10-20 05:15:00,0.35,min,,
2004-10-20 13:55:00,0.6,max,,
2004-10-20 23:30:00,0.15,min,,
2004-10-21 09:00:00,0.57,max,,
2004-10-21 12:15:00,0.5,min,,
2004-10-21 16:25:00,0.53,max,,
2004-10-22 00:40:00,-0.05,min,,
2004-10-22 07:55:00,0.7,max,,
2004-10-22 14:10:00,0.33,min,,
2004-10-22 18:10:00,0.52,max,,
2004-10-23 01:00:00,-0.08,min,,
2004-10-23 08:40:00,0.78,max,,
2004-10-23 14:35:00,0.14,min,,
2004-10-23 19:45:00,0.53,max,,
2004-10-24 01:50:00,-0.11,min,,
2004-10-24 08:40:00,0.81,max,,
2004-10-24 15:20:00,-0.03,min,,
2004-10-24 20:35:00,0.55,max,,
2004-10-25 02:25:00,-0.11,min,,
2004-10-25 09:10:00,0.83,max,,
2004-10-25 15:35:00,-0.09,min,,
2004-10-25 21:20:00,0.62,max,,
2004-10-26 02:55:00,-0.05,min,,
2004-10-26 09:45:00,0.89,max,,
2004-10-26 16:00:00,-0.02,min,,
2004-10-26 21:55:00,0.79,max,,
2004-10-27 03:50:00,0.16,min,,
2004-10-27 09:50:00,1.04,max,,
2004-10-27 16:50:00,-0.04,min,,
2004-10-27 22:25:00,0.82,max,,
2004-10-28 04:05:00,0.06,min,,
2004-10-28 10:15:00,0.98,max,,
2004-10-28 16:55:00,-0.14,min,,
2004-10-28 23:00:00,0.69,max,,
2004-10-29 04:00:00,0.16,min,,
2004-10-29 10:50:00,1.04,max,,
2004-10-29 17:15:00,0.1,min,,
2004-10-29 23:10:00,0.83,max,,
2004-10-30 04:55:00,0.35,min,,
2004-10-30 10:45:00,0.99,max,,
2004-10-30 17:55:00,0.05,min,,
2004-10-31 00:15:00,0.7,max,,
2004-10-31 04:50:00,0.36,min,,
2004-10-31 11:00:00,1.37,max,,
2004-10-31 19:00:00,0.17,min,,
2004-11-01 00:45:00,0.65,max,,
2004-11-01 05:00:00,0.31,min,,
2004-11-01 11:40:00,1.15,max,,
2004-11-01 19:35:00,0.08,min,,
2004-11-02 01:15:00,0.56,max,,
2004-11-02 04:40:00,0.37,min,,
2004-11-02 11:50:00,0.99,max,,
2004-11-02 19:40:00,-0.01,min,,
2004-11-03 03:00:00,0.51,max,,
2004-11-03 04:15:00,0.48,min,,
2004-11-03 10:15:00,0.77,max,,
2004-11-03 20:25:00,0.04,min,,
2004-11-04 06:00:00,0.62,max,,
2004-11-04 20:35:00,0.14,min,,
2004-11-05 05:55:00,0.66,max,,
2004-11-05 14:15:00,0.31,min,,
2004-11-05 18:30:00,0.41,max,,
2004-11-05 23:15:00,0.23,min,,
2004-11-06 06:00:00,0.6,max,,
2004-11-06 12:45:00,0.31,min,,
2004-11-06 18:50:00,0.56,max,,
2004-11-07 01:00:00,0.18,min,,
2004-11-07 07:15:00,0.66,max,,
2004-11-07 14:25:00,0.26,min,,
2004-11-07 18:35:00,0.67,max,,
2004-11-08 01:20:00,0.04,min,,
2004-11-08 08:10:00,0.77,max,,
2004-11-08 14:20:00,0.14,min,,
2004-11-08 19:20:00,0.63,max,,
2004-11-09 02:10:00,0.02,min,,
2004-11-09 09:00:00,0.95,max,,
2004-11-09 15:10:00,0.18,min,,
2004-11-09 20:55:00,0.77,max,,
2004-11-10 02:00:00,0.29,min,,
2004-11-10 08:50:00,1.24,max,,
2004-11-10 16:30:00,0.2,min,,
2004-11-10 21:30:00,0.8,max,,
2004-11-11 03:30:00,0.37,min,,
2004-11-11 09:30:00,1.06,max,,
2004-11-11 16:15:00,-0.12,min,,
2004-11-11 22:50:00,0.89,max,,
2004-11-12 04:00:00,0.31,min,,
2004-11-12 10:00:00,1.05,max,,
2004-11-12 16:45:00,-0.13,min,,
2004-11-12 22:55:00,0.75,max,,
2004-11-13 04:10:00,0.27,min,,
2004-11-13 10:30:00,1.06,max,,
2004-11-13 17:30:00,-0.14,min,,
2004-11-13 23:55:00,0.76,max,,
2004-11-14 04:50:00,0.2,min,,
2004-11-14 10:45:00,1.01,max,,
2004-11-14 17:40:00,-0.08,min,,
2004-11-15 01:10:00,0.72,max,,
2004-11-15 05:20:00,0.33,min,,
2004-11-15 11:15:00,1,max,,
2004-11-15 18:40:00,0,min,,
2004-11-16 01:50:00,0.59,max,,
2004-11-16 06:15:00,0.42,min,,
2004-11-16 11:50:00,0.81,max,,
2004-11-16 19:55:00,-0.12,min,,
2004-11-17 03:05:00,0.56,max,,
2004-11-17 07:10:00,0.38,min,,
2004-11-17 12:20:00,0.63,max,,
2004-11-17 19:55:00,-0.08,min,,
2004-11-18 04:35:00,0.58,max,,
2004-11-18 09:55:00,0.42,min,,
2004-11-18 13:10:00,0.51,max,,
2004-11-18 20:50:00,0.04,min,,
2004-11-19 06:25:00,0.67,max,,
2004-11-19 14:35:00,0.37,min,,
2004-11-19 16:55:00,0.44,max,,
2004-11-19 22:55:00,-0.19,min,,
2004-11-20 06:35:00,0.53,max,,
2004-11-20 11:15:00,0.07,min,,
2004-11-20 16:50:00,0.55,max,,
2004-11-21 00:15:00,-0.24,min,,
2004-11-21 07:30:00,0.47,max,,
2004-11-21 15:15:00,0.09,min,,
2004-11-21 18:55:00,0.21,max,,
2004-11-22 00:45:00,-0.21,min,,
2004-11-22 08:20:00,0.67,max,,
2004-11-22 15:15:00,-0.15,min,,
2004-11-22 20:40:00,0.23,max,,
2004-11-23 01:25:00,-0.1,min,,
2004-11-23 08:20:00,0.79,max,,
2004-11-23 15:40:00,-0.33,min,,
2004-11-23 21:25:00,0.36,max,,
2004-11-24 01:50:00,-0.02,min,,
2004-11-24 08:30:00,0.7,max,,
2004-11-24 15:50:00,-0.44,min,,
2004-11-24 21:55:00,0.36,max,,
2004-11-25 02:55:00,-0.04,min,,
2004-11-25 08:55:00,0.56,max,,
2004-11-25 16:20:00,-0.56,min,,
2004-11-25 22:35:00,0.38,max,,
2004-11-26 03:35:00,-0.1,min,,
2004-11-26 09:25:00,0.57,max,,
2004-11-26 16:30:00,-0.48,min,,
2004-11-26 22:55:00,0.44,max,,
2004-11-27 03:55:00,-0.02,min,,
2004-11-27 09:55:00,0.6,max,,
2004-11-27 16:50:00,-0.42,min,,
2004-11-27 23:30:00,0.41,max,,
2004-11-28 04:25:00,0.01,min,,
2004-11-28 10:20:00,0.56,max,,
2004-11-28 17:30:00,-0.36,min,,
2004-11-29 00:15:00,0.45,max,,
2004-11-29 04:55:00,0.08,min,,
2004-11-29 10:45:00,0.65,max,,
2004-11-29 17:40:00,-0.28,min,,
2004-11-30 00:40:00,0.54,max,,
2004-11-30 04:50:00,0.33,min,,
2004-11-30 11:35:00,0.96,max,,
2004-11-30 18:50:00,-0.12,min,,
2004-12-01 01:30:00,0.52,max,,
2004-12-01 06:25:00,0.27,min,,
2004-12-01 11:35:00,0.74,max,,
2004-12-01 19:05:00,-0.11,min,,
2004-12-02 02:15:00,0.49,max,,
2004-12-02 05:50:00,0.32,min,,
2004-12-02 11:15:00,0.66,max,,
2004-12-02 19:25:00,-0.03,min,,
2004-12-03 03:15:00,0.55,max,,
2004-12-03 07:55:00,0.43,min,,
2004-12-03 11:55:00,0.55,max,,
2004-12-03 21:25:00,0.01,min,,
2004-12-04 04:20:00,0.54,max,,
2004-12-04 10:05:00,0.28,min,,
2004-12-04 13:00:00,0.35,max,,
2004-12-04 21:35:00,0.04,min,,
2004-12-05 05:20:00,0.61,max,,
2004-12-05 14:50:00,0.25,min,,
2004-12-05 17:35:00,0.29,max,,
2004-12-05 23:15:00,0.06,min,,
2004-12-06 06:00:00,0.66,max,,
2004-12-06 14:10:00,0.06,min,,
2004-12-06 19:20:00,0.27,max,,
2004-12-07 00:25:00,-0.02,min,,
2004-12-07 06:45:00,0.61,max,,
2004-12-07 13:55:00,-0.12,min,,
2004-12-07 19:35:00,0.37,max,,
2004-12-08 00:50:00,-0.04,min,,
2004-12-08 07:35:00,0.69,max,,
2004-12-08 14:25:00,-0.22,min,,
2004-12-08 20:40:00,0.39,max,,
2004-12-09 01:40:00,-0.05,min,,
2004-12-09 07:50:00,0.69,max,,
2004-12-09 15:30:00,-0.27,min,,
2004-12-09 21:25:00,0.41,max,,
2004-12-10 02:10:00,0.06,min,,
2004-12-10 08:55:00,0.75,max,,
2004-12-10 16:10:00,-0.36,min,,
2004-12-10 22:50:00,0.42,max,,
2004-12-11 03:05:00,0.1,min,,
2004-12-11 09:20:00,0.75,max,,
2004-12-11 16:55:00,-0.49,min,,
2004-12-11 23:10:00,0.49,max,,
2004-12-12 04:00:00,0.13,min,,
2004-12-12 09:50:00,0.74,max,,
2004-12-12 17:20:00,-0.54,min,,
2004-12-13 00:10:00,0.49,max,,
2004-12-13 05:00:00,0.08,min,,
2004-12-13 10:30:00,0.64,max,,
2004-12-13 17:55:00,-0.57,min,,
2004-12-14 00:45:00,0.42,max,,
2004-12-14 05:30:00,0.01,min,,
2004-12-14 10:55:00,0.51,max,,
2004-12-14 18:15:00,-0.53,min,,
2004-12-15 01:35:00,0.38,max,,
2004-12-15 06:40:00,0.07,min,,
2004-12-15 11:45:00,0.45,max,,
2004-12-15 19:05:00,-0.41,min,,
2004-12-16 02:45:00,0.44,max,,
2004-12-16 08:05:00,0.04,min,,
2004-12-16 13:15:00,0.39,max,,
2004-12-16 19:30:00,-0.32,min,,
2004-12-17 03:35:00,0.56,max,,
2004-12-17 08:30:00,0.27,min,,
2004-12-17 13:00:00,0.41,max,,
2004-12-17 19:55:00,-0.09,min,,
2004-12-18 04:40:00,0.73,max,,
2004-12-18 12:35:00,0.09,min,,
2004-12-18 14:00:00,0.11,max,,
2004-12-18 21:10:00,-0.12,min,,
2004-12-19 05:00:00,0.78,max,,
2004-12-19 12:30:00,0,min,,
2004-12-19 17:55:00,0.26,max,,
2004-12-19 21:15:00,0.17,min,,
2004-12-20 05:45:00,0.83,max,,
2004-12-20 13:45:00,-0.01,min,,
2004-12-20 21:35:00,0.38,max,,
2004-12-21 00:45:00,0.33,min,,
2004-12-21 07:10:00,0.61,max,,
2004-12-21 14:15:00,-0.14,min,,
2004-12-21 20:30:00,0.5,max,,
2004-12-22 01:40:00,0.15,min,,
2004-12-22 07:25:00,0.62,max,,
2004-12-22 14:30:00,-0.19,min,,
2004-12-22 20:30:00,0.42,max,,
2004-12-23 01:20:00,0.07,min,,
2004-12-23 07:55:00,0.61,max,,
2004-12-23 15:35:00,-0.19,min,,
2004-12-23 22:10:00,0.4,max,,
2004-12-24 02:50:00,0.17,min,,
2004-12-24 08:35:00,0.68,max,,
2004-12-24 16:15:00,-0.36,min,,
2004-12-24 22:55:00,0.49,max,,
2004-12-25 03:20:00,0.19,min,,
2004-12-25 09:00:00,0.79,max,,
2004-12-25 16:45:00,-0.28,min,,
2004-12-25 23:20:00,0.68,max,,
2004-12-26 03:00:00,0.42,min,,
2004-12-26 09:40:00,1.15,max,,
2004-12-26 18:05:00,0.2,min,,
2004-12-26 22:35:00,0.71,max,,
2004-12-27 03:25:00,0.38,min,,
2004-12-27 11:10:00,1.28,max,,
2004-12-27 17:55:00,-0.01,min,,
2004-12-28 00:50:00,0.59,max,,
2004-12-28 04:00:00,0.42,min,,
2004-12-28 10:15:00,1.08,max,,
2004-12-28 18:40:00,-0.22,min,,
2004-12-29 02:05:00,0.69,max,,
2004-12-29 06:15:00,0.57,min,,
2004-12-29 10:50:00,0.77,max,,
2004-12-29 18:20:00,-0.35,min,,
2004-12-30 02:05:00,0.69,max,,
2004-12-30 07:05:00,0.27,min,,
2004-12-30 10:50:00,0.47,max,,
2004-12-30 18:20:00,-0.39,min,,
2004-12-31 01:40:00,0.67,max,,
2004-12-31 07:35:00,0.1,min,,
2004-12-31 11:45:00,0.35,max,,
2004-12-31 18:20:00,-0.2,min,,
