Punta_Salute_CanalGrande-Venezia,,
livello(m),,livello(m) 
2024-01-01 02:05:00,max,89
2024-01-01 08:20:00,min,36
2024-01-01 12:00:00,max,56
2024-01-01 19:20:00,min,-7
2024-01-02 02:25:00,max,74
2024-01-02 09:00:00,min,28
2024-01-02 12:40:00,max,43
2024-01-02 18:50:00,min,10
2024-01-03 03:00:00,max,80
2024-01-03 11:05:00,min,27
2024-01-03 15:45:00,max,39
2024-01-03 19:55:00,min,25
2024-01-04 03:30:00,max,81
2024-01-04 11:55:00,min,20
2024-01-04 16:40:00,max,35
2024-01-04 20:25:00,min,29
2024-01-05 04:25:00,max,78
2024-01-05 12:40:00,min,26
2024-01-05 20:20:00,max,64
2024-01-05 21:45:00,min,59
2024-01-06 06:00:00,max,97
2024-01-06 14:00:00,min,37
2024-01-06 22:25:00,max,73
2024-01-07 00:30:00,min,71
2024-01-07 06:55:00,max,99
2024-01-07 15:30:00,min,40
2024-01-07 21:05:00,max,84
2024-01-08 01:40:00,min,57
2024-01-08 08:30:00,max,107
2024-01-08 16:05:00,min,24
2024-01-08 21:55:00,max,80
2024-01-09 02:45:00,min,43
2024-01-09 09:05:00,max,110
2024-01-09 16:35:00,min,5
2024-01-09 23:00:00,max,68
2024-01-10 03:00:00,min,48
2024-01-10 09:15:00,max,106
2024-01-10 17:15:00,min,-16
2024-01-11 00:00:00,max,70
2024-01-11 04:15:00,min,41
2024-01-11 10:10:00,max,98
2024-01-11 17:35:00,min,-24
2024-01-12 00:25:00,max,74
2024-01-12 05:15:00,min,30
2024-01-12 10:40:00,max,87
2024-01-12 18:00:00,min,-23
2024-01-13 00:40:00,max,69
2024-01-13 06:10:00,min,27
2024-01-13 11:30:00,max,78
2024-01-13 18:25:00,min,-23
2024-01-14 01:45:00,max,80
2024-01-14 06:55:00,min,28
2024-01-14 12:05:00,max,80
2024-01-14 18:55:00,min,-12
2024-01-15 02:15:00,max,85
2024-01-15 07:40:00,min,39
2024-01-15 12:45:00,max,84
2024-01-15 19:25:00,min,-3
2024-01-16 03:05:00,max,84
2024-01-16 08:45:00,min,32
2024-01-16 13:30:00,max,60
2024-01-16 19:25:00,min,-2
2024-01-17 03:15:00,max,91
2024-01-17 10:25:00,min,31
2024-01-17 14:45:00,max,51
2024-01-17 19:00:00,min,28
2024-01-18 04:05:00,max,109
2024-01-18 10:35:00,min,38
2024-01-18 15:45:00,max,64
2024-01-18 21:55:00,min,39
2024-01-19 04:05:00,max,94
2024-01-19 11:40:00,min,41
2024-01-19 17:25:00,max,60
2024-01-19 22:15:00,min,40
2024-01-20 05:45:00,max,73
2024-01-20 14:30:00,min,0
2024-01-20 21:25:00,max,42
2024-01-21 01:00:00,min,34
2024-01-21 07:35:00,max,67
2024-01-21 15:25:00,min,-15
2024-01-21 21:55:00,max,45
2024-01-22 01:35:00,min,29
2024-01-22 08:10:00,max,68
2024-01-22 15:45:00,min,-24
2024-01-22 22:45:00,max,56
2024-01-23 02:20:00,min,40
2024-01-23 08:15:00,max,75
2024-01-23 16:25:00,min,-35
2024-01-23 23:40:00,max,58
2024-01-24 04:15:00,min,22
2024-01-24 09:15:00,max,64
2024-01-24 16:35:00,min,-34
2024-01-24 23:40:00,max,64
2024-01-25 04:50:00,min,17
2024-01-25 10:00:00,max,67
2024-01-25 17:15:00,min,-36
2024-01-25 23:40:00,max,54
2024-01-26 04:45:00,min,5
2024-01-26 10:40:00,max,65
2024-01-26 17:25:00,min,-38
2024-01-27 00:15:00,max,51
2024-01-27 05:15:00,min,6
2024-01-27 10:45:00,max,62
2024-01-27 17:55:00,min,-45
2024-01-28 00:50:00,max,49
2024-01-28 06:35:00,min,-1
2024-01-28 11:15:00,max,41
2024-01-28 17:55:00,min,-49
2024-01-29 01:05:00,max,45
2024-01-29 06:35:00,min,-4
2024-01-29 11:50:00,max,35
2024-01-29 18:35:00,min,-45
2024-01-30 01:35:00,max,40
2024-01-30 07:15:00,min,-14
2024-01-30 12:25:00,max,30
2024-01-30 18:35:00,min,-40
2024-01-31 01:45:00,max,43
2024-01-31 07:35:00,min,-11
2024-01-31 12:30:00,max,23
2024-01-31 18:35:00,min,-31
2024-02-01 02:15:00,max,43
2024-02-01 08:25:00,min,-6
2024-02-01 13:05:00,max,18
2024-02-01 18:40:00,min,-14
2024-02-02 02:25:00,max,41
2024-02-02 09:00:00,min,-9
2024-02-02 14:40:00,max,7
2024-02-02 18:55:00,min,-3
2024-02-03 02:25:00,max,36
2024-02-03 11:10:00,min,-3
2024-02-04 04:20:00,max,44
2024-02-04 14:10:00,min,-12
2024-02-04 22:05:00,max,27
2024-02-04 23:20:00,min,24
2024-02-05 06:20:00,max,50
2024-02-05 14:25:00,min,-22
2024-02-05 21:45:00,max,38
2024-02-06 01:45:00,min,28
2024-02-06 07:15:00,max,53
2024-02-06 15:10:00,min,-29
2024-02-06 22:35:00,max,52
2024-02-07 02:50:00,min,23
2024-02-07 08:20:00,max,64
2024-02-07 15:50:00,min,-29
2024-02-07 23:00:00,max,65
2024-02-08 03:45:00,min,25
2024-02-08 09:10:00,max,74
2024-02-08 16:40:00,min,-32
2024-02-08 23:40:00,max,71
2024-02-09 04:30:00,min,23
2024-02-09 10:05:00,max,85
2024-02-09 16:55:00,min,-15
2024-02-09 23:50:00,max,91
2024-02-10 05:15:00,min,32
2024-02-10 10:30:00,max,115
2024-02-10 17:40:00,min,9
2024-02-11 00:45:00,max,113
2024-02-11 05:55:00,min,58
2024-02-11 11:05:00,max,114
2024-02-11 18:40:00,min,2
2024-02-12 01:10:00,max,114
2024-02-12 07:05:00,min,30
2024-02-12 12:00:00,max,91
2024-02-12 18:30:00,min,-7
2024-02-13 01:00:00,max,103
2024-02-13 07:30:00,min,13
2024-02-13 12:40:00,max,66
2024-02-13 18:35:00,min,-6
2024-02-14 01:45:00,max,88
2024-02-14 08:05:00,min,6
2024-02-14 13:05:00,max,53
2024-02-14 18:30:00,min,1
2024-02-15 01:40:00,max,72
2024-02-15 08:45:00,min,11
2024-02-15 13:55:00,max,41
2024-02-15 19:00:00,min,14
2024-02-16 02:30:00,max,69
2024-02-16 10:25:00,min,14
2024-02-16 15:35:00,max,33
2024-02-16 19:10:00,min,25
2024-02-17 02:35:00,max,68
2024-02-17 12:00:00,min,11
2024-02-18 03:00:00,max,52
2024-02-18 14:00:00,min,0
2024-02-18 22:00:00,max,54
2024-02-19 02:25:00,min,38
2024-02-19 07:15:00,max,55
2024-02-19 14:40:00,min,-12
2024-02-19 21:45:00,max,54
2024-02-20 02:40:00,min,23
2024-02-20 07:25:00,max,57
2024-02-20 15:25:00,min,-22
2024-02-20 22:10:00,max,51
2024-02-21 03:00:00,min,18
2024-02-21 08:45:00,max,56
2024-02-21 16:00:00,min,-22
2024-02-21 22:50:00,max,59
2024-02-22 03:40:00,min,20
2024-02-22 09:25:00,max,69
2024-02-22 16:25:00,min,-17
2024-02-22 23:30:00,max,82
2024-02-23 03:55:00,min,38
2024-02-23 09:30:00,max,106
2024-02-23 16:35:00,min,21
2024-02-23 22:35:00,max,112
2024-02-24 05:45:00,min,26
2024-02-24 09:50:00,max,61
2024-02-24 16:45:00,min,6
2024-02-24 23:30:00,max,91
2024-02-25 06:00:00,min,5
2024-02-25 11:50:00,max,74
2024-02-25 17:45:00,min,3
2024-02-25 23:25:00,max,79
2024-02-26 05:40:00,min,-2
2024-02-26 12:15:00,max,81
2024-02-26 18:15:00,min,-3
2024-02-27 00:00:00,max,72
2024-02-27 05:15:00,min,17
2024-02-27 11:45:00,max,94
2024-02-27 18:05:00,min,16
2024-02-28 00:40:00,max,89
2024-02-28 07:05:00,min,27
2024-02-28 12:10:00,max,68
2024-02-28 18:55:00,min,3
2024-02-29 01:15:00,max,78
2024-02-29 07:30:00,min,13
2024-02-29 12:50:00,max,54
2024-02-29 18:40:00,min,8
2024-03-01 01:45:00,max,89
2024-03-01 07:55:00,min,19
2024-03-01 13:10:00,max,65
2024-03-01 18:15:00,min,23
2024-03-02 01:05:00,max,87
2024-03-02 08:00:00,min,28
2024-03-02 13:05:00,max,47
2024-03-02 17:15:00,min,39
2024-03-03 01:15:00,max,75
2024-03-03 09:45:00,min,18
2024-03-04 01:55:00,max,92
2024-03-04 13:50:00,min,25
2024-03-04 20:50:00,max,71
2024-03-05 01:45:00,min,57
2024-03-05 05:10:00,max,66
2024-03-05 13:55:00,min,0
2024-03-05 21:10:00,max,72
2024-03-06 01:55:00,min,45
2024-03-06 06:40:00,max,70
2024-03-06 14:40:00,min,-2
2024-03-06 21:50:00,max,71
2024-03-07 03:25:00,min,29
2024-03-07 08:50:00,max,64
2024-03-07 15:30:00,min,-13
2024-03-07 22:20:00,max,76
2024-03-08 03:40:00,min,12
2024-03-08 09:10:00,max,74
2024-03-08 16:05:00,min,-19
2024-03-08 22:55:00,max,80
2024-03-09 04:30:00,min,18
2024-03-09 10:20:00,max,93
2024-03-09 16:50:00,min,-9
2024-03-09 23:20:00,max,86
2024-03-10 05:00:00,min,10
2024-03-10 10:05:00,max,111
2024-03-10 16:55:00,min,36
2024-03-10 21:10:00,max,116
2024-03-10 21:50:00,min,108
2024-03-10 23:40:00,max,122
2024-03-11 05:45:00,min,6
2024-03-11 12:10:00,max,88
2024-03-11 17:50:00,min,27
2024-03-11 23:40:00,max,94
2024-03-12 06:25:00,min,-6
2024-03-12 12:40:00,max,89
2024-03-12 18:30:00,min,4
2024-03-13 00:20:00,max,81
2024-03-13 06:40:00,min,1
2024-03-13 12:20:00,max,77
2024-03-13 18:30:00,min,-7
2024-03-14 00:45:00,max,74
2024-03-14 07:15:00,min,3
2024-03-14 12:35:00,max,49
2024-03-14 18:00:00,min,3
2024-03-15 01:05:00,max,74
2024-03-15 08:55:00,min,9
2024-03-15 13:30:00,max,33
2024-03-15 17:45:00,min,16
2024-03-16 01:15:00,max,78
2024-03-16 10:10:00,min,6
2024-03-17 00:30:00,max,65
2024-03-17 10:20:00,min,-2
2024-03-17 23:00:00,max,54
2024-03-18 12:30:00,min,3
2024-03-18 20:45:00,max,60
2024-03-19 04:05:00,min,24
2024-03-19 07:10:00,max,34
2024-03-19 13:25:00,min,-5
2024-03-19 20:50:00,max,55
2024-03-20 03:00:00,min,15
2024-03-20 08:30:00,max,43
2024-03-20 14:45:00,min,-6
2024-03-20 21:25:00,max,55
2024-03-21 03:10:00,min,8
2024-03-21 09:05:00,max,60
2024-03-21 15:30:00,min,-16
2024-03-21 21:55:00,max,60
2024-03-22 03:45:00,min,6
2024-03-22 09:15:00,max,56
2024-03-22 15:30:00,min,-29
2024-03-22 22:15:00,max,65
2024-03-23 03:55:00,min,6
2024-03-23 09:40:00,max,61
2024-03-23 15:40:00,min,-13
2024-03-23 22:45:00,max,87
2024-03-24 04:25:00,min,16
2024-03-24 10:10:00,max,64
2024-03-24 16:25:00,min,-9
2024-03-24 23:00:00,max,88
2024-03-25 05:45:00,min,-12
2024-03-25 11:15:00,max,49
2024-03-25 16:35:00,min,4
2024-03-25 23:00:00,max,88
2024-03-26 05:35:00,min,-13
2024-03-26 12:05:00,max,81
2024-03-26 16:25:00,min,32
2024-03-26 22:25:00,max,104
2024-03-27 05:35:00,min,-5
2024-03-27 12:45:00,max,90
2024-03-27 17:25:00,min,47
2024-03-27 23:20:00,max,104
2024-03-28 06:55:00,min,-9
2024-03-28 13:50:00,max,95
2024-03-28 18:45:00,min,54
2024-03-28 23:25:00,max,87
2024-03-29 06:20:00,min,-8
2024-03-29 13:25:00,max,87
2024-03-29 18:45:00,min,43
2024-03-29 23:45:00,max,84
2024-03-30 06:35:00,min,16
2024-03-30 13:45:00,max,90
2024-03-30 18:30:00,min,58
2024-03-31 00:30:00,max,105
2024-03-31 07:35:00,min,43
2024-03-31 13:55:00,max,89
2024-03-31 18:40:00,min,68
2024-04-01 00:00:00,max,96
2024-04-01 07:35:00,min,63
2024-04-01 13:55:00,max,92
2024-04-01 15:40:00,min,88
2024-04-01 16:55:00,max,93
2024-04-01 22:15:00,min,74
2024-04-01 23:50:00,max,79
2024-04-02 08:45:00,min,39
2024-04-02 13:15:00,max,64
2024-04-02 15:05:00,min,61
2024-04-02 21:25:00,max,74
2024-04-03 01:45:00,min,50
2024-04-03 07:50:00,max,68
2024-04-03 13:50:00,min,25
2024-04-03 20:10:00,max,76
2024-04-04 01:55:00,min,42
2024-04-04 07:05:00,max,77
2024-04-04 14:10:00,min,1
2024-04-04 21:10:00,max,78
2024-04-05 02:50:00,min,32
2024-04-05 07:50:00,max,73
2024-04-05 14:40:00,min,-14
2024-04-05 21:55:00,max,84
2024-04-06 03:45:00,min,16
2024-04-06 08:50:00,max,65
2024-04-06 15:15:00,min,-22
2024-04-06 22:10:00,max,87
2024-04-07 04:25:00,min,-4
2024-04-07 09:35:00,max,59
2024-04-07 15:40:00,min,-21
2024-04-07 22:25:00,max,88
2024-04-08 04:45:00,min,-12
2024-04-08 10:25:00,max,65
2024-04-08 16:05:00,min,-8
2024-04-08 22:55:00,max,91
2024-04-09 05:35:00,min,-13
2024-04-09 11:30:00,max,69
2024-04-09 16:40:00,min,9
2024-04-09 23:15:00,max,101
2024-04-10 05:55:00,min,-10
2024-04-10 12:20:00,max,72
2024-04-10 16:55:00,min,19
2024-04-10 23:25:00,max,94
2024-04-11 06:40:00,min,-19
2024-04-11 13:20:00,max,55
2024-04-11 17:50:00,min,12
2024-04-11 23:40:00,max,72
2024-04-12 06:40:00,min,-20
2024-04-12 13:10:00,max,50
2024-04-12 18:00:00,min,14
2024-04-12 23:45:00,max,63
2024-04-13 07:25:00,min,-12
2024-04-13 13:55:00,max,36
2024-04-13 17:45:00,min,19
2024-04-14 00:25:00,max,56
2024-04-14 08:45:00,min,-9
2024-04-15 00:35:00,max,57
2024-04-15 09:20:00,min,-1
2024-04-15 21:55:00,max,66
2024-04-16 11:50:00,min,21
2024-04-16 19:20:00,max,80
2024-04-17 05:30:00,min,19
2024-04-17 07:30:00,max,26
2024-04-17 11:25:00,min,6
2024-04-17 20:25:00,max,65
2024-04-18 02:25:00,min,23
2024-04-18 08:35:00,max,53
2024-04-18 14:40:00,min,17
2024-04-18 20:20:00,max,66
2024-04-19 03:15:00,min,18
2024-04-19 08:55:00,max,63
2024-04-19 14:40:00,min,9
2024-04-19 21:00:00,max,76
2024-04-20 03:40:00,min,10
2024-04-20 09:30:00,max,72
2024-04-20 15:10:00,min,3
2024-04-20 21:15:00,max,74
2024-04-21 03:40:00,min,7
2024-04-21 09:20:00,max,66
2024-04-21 15:35:00,min,-2
2024-04-21 22:05:00,max,78
2024-04-22 04:00:00,min,5
2024-04-22 10:40:00,max,74
2024-04-22 15:45:00,min,19
2024-04-22 22:15:00,max,98
2024-04-23 04:50:00,min,3
2024-04-23 10:45:00,max,61
2024-04-23 15:45:00,min,27
2024-04-23 22:10:00,max,98
2024-04-24 05:15:00,min,-14
2024-04-24 12:00:00,max,66
2024-04-24 16:30:00,min,35
2024-04-24 22:25:00,max,92
2024-04-25 05:30:00,min,-19
2024-04-25 12:15:00,max,77
2024-04-25 17:15:00,min,25
2024-04-25 22:45:00,max,86
2024-04-26 05:45:00,min,-11
2024-04-26 12:20:00,max,69
2024-04-26 17:30:00,min,29
2024-04-26 23:15:00,max,79
2024-04-27 06:20:00,min,-8
2024-04-27 12:20:00,max,58
2024-04-27 17:20:00,min,26
2024-04-27 23:40:00,max,68
2024-04-28 06:50:00,min,-6
2024-04-28 14:30:00,max,46
2024-04-28 18:20:00,min,31
2024-04-29 00:15:00,max,63
2024-04-29 07:50:00,min,-12
2024-04-29 15:55:00,max,42
2024-04-29 18:30:00,min,36
2024-04-30 00:30:00,max,59
2024-04-30 09:05:00,min,-8
2024-04-30 23:00:00,max,58
2024-05-01 10:25:00,min,7
2024-05-01 20:20:00,max,100
2024-05-02 02:00:00,min,48
2024-05-02 03:05:00,max,50
2024-05-02 10:50:00,min,6
2024-05-02 18:50:00,max,95
2024-05-03 03:05:00,min,16
2024-05-03 07:20:00,max,38
2024-05-03 11:50:00,min,16
2024-05-03 19:40:00,max,83
2024-05-04 02:50:00,min,-5
2024-05-04 08:30:00,max,50
2024-05-04 14:05:00,min,5
2024-05-04 20:40:00,max,74
2024-05-05 02:50:00,min,-11
2024-05-05 08:40:00,max,69
2024-05-05 14:30:00,min,-2
2024-05-05 21:10:00,max,83
2024-05-06 03:35:00,min,-3
2024-05-06 09:15:00,max,65
2024-05-06 14:50:00,min,-1
2024-05-06 21:55:00,max,91
2024-05-07 04:45:00,min,-9
2024-05-07 10:20:00,max,57
2024-05-07 15:25:00,min,12
2024-05-07 22:10:00,max,98
2024-05-08 05:30:00,min,-26
2024-05-08 11:25:00,max,55
2024-05-08 16:00:00,min,11
2024-05-08 22:15:00,max,85
2024-05-09 05:45:00,min,-38
2024-05-09 12:10:00,max,54
2024-05-09 16:40:00,min,21
2024-05-09 22:35:00,max,78
2024-05-10 06:05:00,min,-37
2024-05-10 12:55:00,max,55
2024-05-10 17:35:00,min,21
2024-05-10 23:05:00,max,65
2024-05-11 06:25:00,min,-18
2024-05-11 13:40:00,max,57
2024-05-11 18:20:00,min,24
2024-05-11 23:55:00,max,63
2024-05-12 07:25:00,min,-13
2024-05-12 14:10:00,max,50
2024-05-12 18:10:00,min,30
2024-05-13 00:00:00,max,63
2024-05-13 08:05:00,min,-6
2024-05-13 15:50:00,max,48
2024-05-13 18:35:00,min,43
2024-05-14 00:00:00,max,58
2024-05-14 09:05:00,min,2
2024-05-14 17:30:00,max,61
2024-05-15 09:35:00,min,13
2024-05-15 18:10:00,max,78
2024-05-16 05:35:00,min,33
2024-05-16 07:50:00,max,38
2024-05-16 12:00:00,min,28
2024-05-16 19:15:00,max,112
2024-05-17 03:05:00,min,27
2024-05-17 06:15:00,max,39
2024-05-17 12:15:00,min,9
2024-05-17 19:30:00,max,89
2024-05-18 02:40:00,min,10
2024-05-18 08:05:00,max,36
2024-05-18 12:25:00,min,11
2024-05-18 19:45:00,max,82
2024-05-19 03:05:00,min,-3
2024-05-19 08:40:00,max,50
2024-05-19 13:20:00,min,19
2024-05-19 20:10:00,max,78
2024-05-20 03:15:00,min,-9
2024-05-20 09:15:00,max,58
2024-05-20 14:30:00,min,20
2024-05-20 20:40:00,max,81
2024-05-21 02:55:00,min,-2
2024-05-21 09:40:00,max,80
2024-05-21 14:45:00,min,39
2024-05-21 21:00:00,max,91
2024-05-22 04:20:00,min,-1
2024-05-22 10:40:00,max,72
2024-05-22 16:00:00,min,28
2024-05-22 21:35:00,max,88
2024-05-23 04:45:00,min,-8
2024-05-23 11:30:00,max,64
2024-05-23 16:05:00,min,29
2024-05-23 22:00:00,max,88
2024-05-24 05:25:00,min,-17
2024-05-24 11:55:00,max,54
2024-05-24 16:20:00,min,27
2024-05-24 22:20:00,max,84
2024-05-25 05:55:00,min,-21
2024-05-25 13:15:00,max,54
2024-05-25 17:25:00,min,34
2024-05-25 22:50:00,max,74
2024-05-26 06:25:00,min,-30
2024-05-26 13:55:00,max,64
2024-05-26 18:20:00,min,39
2024-05-26 23:15:00,max,74
2024-05-27 06:40:00,min,-21
2024-05-27 14:20:00,max,62
2024-05-27 19:05:00,min,38
2024-05-27 23:45:00,max,67
2024-05-28 07:05:00,min,-6
2024-05-28 15:25:00,max,56
2024-05-28 19:25:00,min,43
2024-05-29 00:20:00,max,56
2024-05-29 08:40:00,min,0
2024-05-29 16:50:00,max,65
2024-05-29 21:50:00,min,43
2024-05-30 01:50:00,max,52
2024-05-30 09:35:00,min,7
2024-05-30 18:25:00,max,79
2024-05-31 00:35:00,min,44
2024-05-31 04:40:00,max,53
2024-05-31 11:10:00,min,16
2024-05-31 18:20:00,max,92
2024-06-01 01:25:00,min,20
2024-06-01 06:50:00,max,40
2024-06-01 11:30:00,min,18
2024-06-01 19:00:00,max,91
2024-06-02 02:40:00,min,0
2024-06-02 08:00:00,max,49
2024-06-02 12:45:00,min,18
2024-06-02 19:30:00,max,95
2024-06-03 03:05:00,min,-15
2024-06-03 08:40:00,max,54
2024-06-03 13:15:00,min,20
2024-06-03 19:50:00,max,86
2024-06-04 03:20:00,min,-17
2024-06-04 09:45:00,max,56
2024-06-04 14:25:00,min,23
2024-06-04 20:50:00,max,84
2024-06-05 04:15:00,min,-18
2024-06-05 10:45:00,max,59
2024-06-05 15:20:00,min,26
2024-06-05 21:30:00,max,90
2024-06-06 04:55:00,min,-23
2024-06-06 10:40:00,max,65
2024-06-06 15:50:00,min,26
2024-06-06 22:05:00,max,86
2024-06-07 05:30:00,min,-24
2024-06-07 12:10:00,max,61
2024-06-07 16:30:00,min,30
2024-06-07 22:30:00,max,83
2024-06-08 06:05:00,min,-21
2024-06-08 13:10:00,max,60
2024-06-08 17:20:00,min,36
2024-06-08 23:05:00,max,81
2024-06-09 06:35:00,min,-14
2024-06-09 13:45:00,max,72
2024-06-09 18:05:00,min,48
2024-06-10 00:10:00,max,88
2024-06-10 06:50:00,min,-2
2024-06-10 14:30:00,max,81
2024-06-10 19:35:00,min,57
2024-06-10 23:50:00,max,84
2024-06-11 07:30:00,min,4
2024-06-11 15:05:00,max,76
2024-06-11 20:25:00,min,58
2024-06-12 00:30:00,max,73
2024-06-12 08:10:00,min,11
2024-06-12 16:30:00,max,78
2024-06-12 21:10:00,min,50
2024-06-12 23:45:00,max,64
2024-06-13 08:55:00,min,16
2024-06-13 16:30:00,max,74
2024-06-13 22:25:00,min,48
2024-06-13 23:30:00,max,50
2024-06-14 09:00:00,min,13
2024-06-14 17:50:00,max,77
2024-06-15 02:30:00,min,22
2024-06-15 06:15:00,max,34
2024-06-15 10:55:00,min,17
2024-06-15 18:15:00,max,87
2024-06-16 02:05:00,min,20
2024-06-16 07:00:00,max,38
2024-06-16 11:30:00,min,28
2024-06-16 18:40:00,max,87
2024-06-17 02:55:00,min,5
2024-06-17 08:55:00,max,44
2024-06-17 12:25:00,min,33
2024-06-17 19:15:00,max,80
2024-06-18 02:55:00,min,-8
2024-06-18 09:30:00,max,54
2024-06-18 13:45:00,min,31
2024-06-18 19:35:00,max,77
2024-06-19 03:10:00,min,-12
2024-06-19 10:15:00,max,60
2024-06-19 14:35:00,min,33
2024-06-19 20:20:00,max,82
2024-06-20 04:00:00,min,-21
2024-06-20 11:00:00,max,61
2024-06-20 15:45:00,min,29
2024-06-20 21:10:00,max,77
2024-06-21 04:25:00,min,-23
2024-06-21 11:20:00,max,68
2024-06-21 16:20:00,min,33
2024-06-21 22:05:00,max,90
2024-06-22 05:05:00,min,-20
2024-06-22 12:05:00,max,65
2024-06-22 16:25:00,min,31
2024-06-22 22:25:00,max,93
2024-06-23 05:50:00,min,-17
2024-06-23 12:45:00,max,61
2024-06-23 17:05:00,min,31
2024-06-23 23:25:00,max,88
2024-06-24 06:30:00,min,-16
2024-06-24 13:50:00,max,79
2024-06-24 17:55:00,min,52
2024-06-24 23:15:00,max,91
2024-06-25 07:05:00,min,-12
2024-06-25 14:35:00,max,82
2024-06-25 19:30:00,min,45
2024-06-25 23:20:00,max,71
2024-06-26 07:20:00,min,-5
2024-06-26 15:15:00,max,82
2024-06-26 20:45:00,min,33
2024-06-27 01:05:00,max,62
2024-06-27 08:00:00,min,-7
2024-06-27 15:35:00,max,77
2024-06-27 21:45:00,min,32
2024-06-28 01:50:00,max,50
2024-06-28 08:40:00,min,3
2024-06-28 16:25:00,max,71
2024-06-28 23:05:00,min,17
2024-06-29 03:35:00,max,34
2024-06-29 09:40:00,min,5
2024-06-29 17:30:00,max,74
2024-06-30 00:30:00,min,10
2024-06-30 06:05:00,max,46
2024-06-30 10:55:00,min,27
2024-06-30 18:00:00,max,83
2024-07-01 02:05:00,min,5
2024-07-01 08:15:00,max,40
2024-07-01 11:20:00,min,33
2024-07-01 19:25:00,max,86
2024-07-02 02:20:00,min,-8
2024-07-02 10:15:00,max,46
2024-07-02 12:20:00,min,37
2024-07-02 18:50:00,max,89
2024-07-03 03:50:00,min,-14
2024-07-03 12:20:00,max,60
2024-07-03 14:35:00,min,52
2024-07-03 20:20:00,max,84
2024-07-04 04:05:00,min,-19
2024-07-04 11:15:00,max,73
2024-07-04 15:55:00,min,40
2024-07-04 21:10:00,max,84
2024-07-05 04:35:00,min,-21
2024-07-05 11:20:00,max,76
2024-07-05 16:05:00,min,36
2024-07-05 21:45:00,max,81
2024-07-06 04:55:00,min,-15
2024-07-06 11:45:00,max,72
2024-07-06 16:35:00,min,36
2024-07-06 22:25:00,max,88
2024-07-07 05:50:00,min,-10
2024-07-07 12:40:00,max,73
2024-07-07 17:25:00,min,36
2024-07-07 23:00:00,max,86
2024-07-08 06:15:00,min,-16
2024-07-08 13:30:00,max,69
2024-07-08 17:55:00,min,34
2024-07-08 23:15:00,max,74
2024-07-09 06:50:00,min,-21
2024-07-09 14:05:00,max,64
2024-07-09 19:00:00,min,31
2024-07-10 00:00:00,max,67
2024-07-10 07:00:00,min,-15
2024-07-10 14:25:00,max,69
2024-07-10 19:35:00,min,30
2024-07-11 00:20:00,max,64
2024-07-11 07:10:00,min,-7
2024-07-11 14:45:00,max,70
2024-07-11 20:10:00,min,33
2024-07-12 00:40:00,max,55
2024-07-12 07:25:00,min,2
2024-07-12 14:50:00,max,73
2024-07-12 21:25:00,min,34
2024-07-13 01:15:00,max,44
2024-07-13 07:45:00,min,12
2024-07-13 15:50:00,max,76
2024-07-14 00:00:00,min,29
2024-07-14 01:55:00,max,32
2024-07-14 08:20:00,min,22
2024-07-14 16:20:00,max,72
2024-07-15 01:20:00,min,16
2024-07-15 06:30:00,max,31
2024-07-15 09:40:00,min,29
2024-07-15 17:30:00,max,70
2024-07-16 01:45:00,min,7
2024-07-16 09:00:00,max,45
2024-07-16 11:45:00,min,39
2024-07-16 17:40:00,max,76
2024-07-17 02:25:00,min,2
2024-07-17 09:20:00,max,49
2024-07-17 12:55:00,min,41
2024-07-17 19:00:00,max,74
2024-07-18 03:15:00,min,-8
2024-07-18 10:20:00,max,57
2024-07-18 14:30:00,min,38
2024-07-18 20:20:00,max,75
2024-07-19 03:55:00,min,-20
2024-07-19 10:50:00,max,60
2024-07-19 15:20:00,min,32
2024-07-19 21:15:00,max,83
2024-07-20 04:35:00,min,-24
2024-07-20 11:10:00,max,64
2024-07-20 15:35:00,min,31
2024-07-20 21:25:00,max,87
2024-07-21 05:15:00,min,-20
2024-07-21 12:05:00,max,72
2024-07-21 16:45:00,min,37
2024-07-21 22:30:00,max,92
2024-07-22 05:40:00,min,-22
2024-07-22 12:55:00,max,78
2024-07-22 18:00:00,min,29
2024-07-22 22:45:00,max,81
2024-07-23 06:30:00,min,-30
2024-07-23 12:40:00,max,88
2024-07-23 18:45:00,min,24
2024-07-23 23:40:00,max,72
2024-07-24 06:25:00,min,-24
2024-07-24 13:55:00,max,81
2024-07-24 19:30:00,min,18
2024-07-25 00:40:00,max,71
2024-07-25 06:45:00,min,-8
2024-07-25 14:00:00,max,83
2024-07-25 20:15:00,min,17
2024-07-26 01:05:00,max,57
2024-07-26 07:15:00,min,2
2024-07-26 14:30:00,max,81
2024-07-26 21:30:00,min,16
2024-07-27 02:20:00,max,49
2024-07-27 07:45:00,min,11
2024-07-27 15:20:00,max,78
2024-07-27 22:00:00,min,16
2024-07-28 03:10:00,max,44
2024-07-28 08:35:00,min,19
2024-07-28 15:40:00,max,74
2024-07-29 00:35:00,min,10
2024-07-29 05:50:00,max,31
2024-07-29 08:00:00,min,24
2024-07-29 16:55:00,max,71
2024-07-30 01:45:00,min,-2
2024-07-30 17:20:00,max,66
2024-07-31 02:30:00,min,-17
2024-07-31 10:25:00,max,63
2024-07-31 14:50:00,min,52
2024-07-31 19:05:00,max,68
2024-08-01 02:50:00,min,-12
2024-08-01 10:25:00,max,76
2024-08-01 15:35:00,min,42
2024-08-01 21:05:00,max,77
2024-08-02 03:35:00,min,-10
2024-08-02 10:10:00,max,76
2024-08-02 15:45:00,min,30
2024-08-02 21:15:00,max,81
2024-08-03 04:25:00,min,-9
2024-08-03 10:30:00,max,72
2024-08-03 16:05:00,min,30
2024-08-03 22:00:00,max,82
2024-08-04 05:20:00,min,-22
2024-08-04 11:40:00,max,76
2024-08-04 17:00:00,min,26
2024-08-04 22:25:00,max,80
2024-08-05 05:00:00,min,-18
2024-08-05 12:15:00,max,79
2024-08-05 17:25:00,min,27
2024-08-05 22:55:00,max,79
2024-08-06 05:40:00,min,-15
2024-08-06 12:25:00,max,81
2024-08-06 18:00:00,min,23
2024-08-06 23:15:00,max,76
2024-08-07 06:05:00,min,-12
2024-08-07 12:50:00,max,81
2024-08-07 17:45:00,min,12
2024-08-07 23:50:00,max,66
2024-08-08 06:05:00,min,-13
2024-08-08 12:15:00,max,68
2024-08-08 18:40:00,min,20
2024-08-08 23:30:00,max,59
2024-08-09 06:35:00,min,-6
2024-08-09 13:30:00,max,75
2024-08-09 19:40:00,min,18
2024-08-10 00:40:00,max,51
2024-08-10 06:50:00,min,1
2024-08-10 13:50:00,max,73
2024-08-10 20:10:00,min,14
2024-08-11 01:10:00,max,40
2024-08-11 06:25:00,min,9
2024-08-11 14:00:00,max,70
2024-08-11 21:10:00,min,12
2024-08-12 02:10:00,max,33
2024-08-12 06:35:00,min,20
2024-08-12 14:20:00,max,66
2024-08-12 22:00:00,min,22
2024-08-13 16:45:00,max,62
2024-08-14 01:10:00,min,12
2024-08-14 10:10:00,max,48
2024-08-14 12:05:00,min,44
2024-08-14 17:10:00,max,68
2024-08-15 02:30:00,min,1
2024-08-15 09:05:00,max,50
2024-08-15 13:15:00,min,40
2024-08-15 19:15:00,max,66
2024-08-16 03:00:00,min,-10
2024-08-16 10:10:00,max,58
2024-08-16 14:40:00,min,33
2024-08-16 20:05:00,max,71
2024-08-17 03:40:00,min,-19
2024-08-17 10:25:00,max,63
2024-08-17 15:20:00,min,28
2024-08-17 21:30:00,max,78
2024-08-18 04:20:00,min,-25
2024-08-18 11:05:00,max,72
2024-08-18 16:00:00,min,23
2024-08-18 21:50:00,max,84
2024-08-19 05:00:00,min,-27
2024-08-19 11:30:00,max,80
2024-08-19 17:20:00,min,27
2024-08-19 22:35:00,max,85
2024-08-20 04:50:00,min,-19
2024-08-20 12:20:00,max,93
2024-08-20 17:55:00,min,19
2024-08-20 23:00:00,max,82
2024-08-21 05:55:00,min,-19
2024-08-21 12:30:00,max,89
2024-08-21 18:30:00,min,8
2024-08-22 00:05:00,max,77
2024-08-22 06:05:00,min,-12
2024-08-22 12:55:00,max,91
2024-08-22 19:05:00,min,6
2024-08-23 00:25:00,max,71
2024-08-23 06:20:00,min,-5
2024-08-23 13:05:00,max,85
2024-08-23 19:25:00,min,8
2024-08-24 00:50:00,max,61
2024-08-24 06:45:00,min,5
2024-08-24 13:40:00,max,80
2024-08-24 20:20:00,min,8
2024-08-25 01:45:00,max,48
2024-08-25 06:50:00,min,12
2024-08-25 14:00:00,max,72
2024-08-25 21:05:00,min,10
2024-08-26 02:20:00,max,36
2024-08-26 06:30:00,min,26
2024-08-26 14:25:00,max,66
2024-08-26 23:15:00,min,13
2024-08-27 14:05:00,max,67
2024-08-28 01:45:00,min,7
2024-08-28 10:20:00,max,60
2024-08-28 14:45:00,min,51
2024-08-28 18:15:00,max,58
2024-08-29 02:40:00,min,-4
2024-08-29 10:05:00,max,65
2024-08-29 14:55:00,min,39
2024-08-29 19:45:00,max,64
2024-08-30 03:20:00,min,-13
2024-08-30 10:00:00,max,68
2024-08-30 15:10:00,min,27
2024-08-30 20:45:00,max,67
2024-08-31 03:25:00,min,-17
2024-08-31 10:15:00,max,69
2024-08-31 15:35:00,min,18
2024-08-31 21:05:00,max,68
2024-09-01 04:00:00,min,-19
2024-09-01 10:45:00,max,72
2024-09-01 16:10:00,min,13
2024-09-01 21:55:00,max,71
2024-09-02 04:25:00,min,-16
2024-09-02 11:00:00,max,76
2024-09-02 17:00:00,min,14
2024-09-02 22:20:00,max,75
2024-09-03 04:45:00,min,-20
2024-09-03 11:20:00,max,75
2024-09-03 16:55:00,min,12
2024-09-03 22:30:00,max,70
2024-09-04 05:10:00,min,-16
2024-09-04 12:00:00,max,79
2024-09-04 17:50:00,min,10
2024-09-04 23:25:00,max,71
2024-09-05 05:25:00,min,-6
2024-09-05 12:30:00,max,99
2024-09-05 18:40:00,min,14
2024-09-05 23:45:00,max,69
2024-09-06 05:55:00,min,-8
2024-09-06 13:20:00,max,82
2024-09-06 18:50:00,min,11
2024-09-06 23:40:00,max,55
2024-09-07 05:50:00,min,-1
2024-09-07 12:45:00,max,87
2024-09-07 19:05:00,min,7
2024-09-08 00:30:00,max,51
2024-09-08 05:50:00,min,11
2024-09-08 12:35:00,max,87
2024-09-08 19:15:00,min,16
2024-09-09 00:55:00,max,59
2024-09-09 03:25:00,min,45
2024-09-09 12:25:00,max,95
2024-09-09 20:25:00,min,31
2024-09-10 05:15:00,max,58
2024-09-10 08:00:00,min,57
2024-09-10 13:10:00,max,78
2024-09-10 22:40:00,min,21
2024-09-11 05:35:00,max,63
2024-09-11 06:55:00,min,61
2024-09-11 14:55:00,max,80
2024-09-11 22:35:00,min,38
2024-09-12 02:00:00,max,55
2024-09-12 03:25:00,min,54
2024-09-12 12:20:00,max,87
2024-09-13 01:55:00,min,27
2024-09-13 08:40:00,max,74
2024-09-13 13:20:00,min,60
2024-09-13 14:05:00,max,63
2024-09-13 15:30:00,min,58
2024-09-13 19:30:00,max,89
2024-09-14 03:05:00,min,6
2024-09-14 10:40:00,max,76
2024-09-14 14:25:00,min,45
2024-09-14 19:10:00,max,90
2024-09-15 03:25:00,min,-15
2024-09-15 10:10:00,max,75
2024-09-15 14:55:00,min,40
2024-09-15 20:35:00,max,84
2024-09-16 03:45:00,min,-20
2024-09-16 10:50:00,max,84
2024-09-16 16:15:00,min,21
2024-09-16 21:35:00,max,81
2024-09-17 04:10:00,min,-19
2024-09-17 11:20:00,max,98
2024-09-17 17:10:00,min,20
2024-09-17 22:35:00,max,86
2024-09-18 04:45:00,min,-1
2024-09-18 11:30:00,max,105
2024-09-18 17:50:00,min,10
2024-09-18 23:05:00,max,77
2024-09-19 04:55:00,min,-9
2024-09-19 11:50:00,max,98
2024-09-19 18:15:00,min,0
2024-09-19 23:35:00,max,71
2024-09-20 05:20:00,min,2
2024-09-20 12:00:00,max,99
2024-09-20 18:50:00,min,-11
2024-09-21 00:20:00,max,65
2024-09-21 05:35:00,min,3
2024-09-21 12:05:00,max,86
2024-09-21 18:55:00,min,-6
2024-09-22 00:55:00,max,51
2024-09-22 05:55:00,min,16
2024-09-22 12:40:00,max,79
2024-09-22 19:45:00,min,2
2024-09-23 01:55:00,max,52
2024-09-23 06:20:00,min,28
2024-09-23 12:50:00,max,77
2024-09-23 19:55:00,min,27
2024-09-23 23:20:00,max,54
2024-09-24 00:25:00,min,50
2024-09-24 03:25:00,max,63
2024-09-24 07:15:00,min,47
2024-09-24 13:35:00,max,76
2024-09-24 21:20:00,min,28
2024-09-25 11:50:00,max,60
2024-09-25 16:40:00,min,53
2024-09-25 19:25:00,max,58
2024-09-26 01:30:00,min,28
2024-09-26 08:40:00,max,70
2024-09-26 13:35:00,min,55
2024-09-26 19:50:00,max,77
2024-09-27 02:10:00,min,32
2024-09-27 09:20:00,max,89
2024-09-27 14:15:00,min,54
2024-09-27 20:05:00,max,97
2024-09-28 03:05:00,min,19
2024-09-28 09:20:00,max,84
2024-09-28 15:15:00,min,39
2024-09-28 20:40:00,max,82
2024-09-29 03:05:00,min,-2
2024-09-29 09:35:00,max,71
2024-09-29 15:50:00,min,24
2024-09-29 20:40:00,max,74
2024-09-30 03:25:00,min,-7
2024-09-30 10:30:00,max,87
2024-09-30 16:05:00,min,19
2024-09-30 21:30:00,max,67
2024-10-01 03:40:00,min,-9
2024-10-01 10:25:00,max,91
2024-10-01 16:40:00,min,6
2024-10-01 22:05:00,max,70
2024-10-02 03:40:00,min,6
2024-10-02 10:35:00,max,112
2024-10-02 17:05:00,min,19
2024-10-02 22:50:00,max,87
2024-10-03 04:40:00,min,18
2024-10-03 10:30:00,max,108
2024-10-03 16:45:00,min,22
2024-10-03 22:25:00,max,113
2024-10-04 04:50:00,min,29
2024-10-04 10:45:00,max,91
2024-10-04 17:00:00,min,21
2024-10-04 23:15:00,max,96
2024-10-05 05:45:00,min,20
2024-10-05 11:50:00,max,88
2024-10-05 18:05:00,min,29
2024-10-05 23:35:00,max,75
2024-10-06 05:30:00,min,14
2024-10-06 12:15:00,max,94
2024-10-06 18:50:00,min,18
2024-10-07 00:05:00,max,60
2024-10-07 05:05:00,min,23
2024-10-07 12:05:00,max,97
2024-10-07 19:05:00,min,11
2024-10-08 01:25:00,max,56
2024-10-08 04:30:00,min,47
2024-10-08 12:15:00,max,117
2024-10-08 20:45:00,min,66
2024-10-08 23:55:00,max,76
2024-10-09 01:05:00,min,74
2024-10-09 02:15:00,max,77
2024-10-09 06:35:00,min,62
2024-10-09 07:20:00,max,63
2024-10-09 08:20:00,min,62
2024-10-09 11:10:00,max,74
2024-10-09 20:20:00,min,44
2024-10-10 03:05:00,max,65
2024-10-10 07:15:00,min,59
2024-10-10 15:25:00,max,95
2024-10-11 03:25:00,min,43
2024-10-11 16:15:00,max,81
2024-10-12 01:55:00,min,10
2024-10-12 09:45:00,max,77
2024-10-12 14:05:00,min,60
2024-10-12 18:35:00,max,79
2024-10-13 01:45:00,min,-1
2024-10-13 09:05:00,max,91
2024-10-13 15:05:00,min,42
2024-10-13 19:15:00,max,72
2024-10-14 02:05:00,min,-4
2024-10-14 09:20:00,max,95
2024-10-14 15:35:00,min,18
2024-10-14 20:35:00,max,72
2024-10-15 02:35:00,min,-2
2024-10-15 09:25:00,max,98
2024-10-15 16:00:00,min,1
2024-10-15 21:30:00,max,73
2024-10-16 03:10:00,min,0
2024-10-16 09:50:00,max,96
2024-10-16 16:30:00,min,-6
2024-10-16 22:00:00,max,77
2024-10-17 03:40:00,min,7
2024-10-17 10:05:00,max,112
2024-10-17 16:50:00,min,-4
2024-10-17 23:00:00,max,84
2024-10-18 04:15:00,min,21
2024-10-18 10:50:00,max,127
2024-10-18 17:10:00,min,10
2024-10-18 23:20:00,max,84
2024-10-19 04:45:00,min,21
2024-10-19 11:10:00,max,117
2024-10-19 18:05:00,min,21
2024-10-20 00:05:00,max,86
2024-10-20 05:40:00,min,38
2024-10-20 11:30:00,max,95
2024-10-20 18:55:00,min,5
2024-10-21 01:15:00,max,64
2024-10-21 05:55:00,min,34
2024-10-21 12:20:00,max,86
2024-10-21 19:25:00,min,-2
2024-10-22 01:50:00,max,59
2024-10-22 06:25:00,min,33
2024-10-22 12:00:00,max,80
2024-10-22 19:40:00,min,5
2024-10-23 10:50:00,max,60
2024-10-23 21:50:00,min,7
2024-10-24 07:20:00,max,60
2024-10-24 23:30:00,min,7
2024-10-25 07:20:00,max,64
2024-10-25 14:40:00,min,31
2024-10-25 18:40:00,max,39
2024-10-26 00:15:00,min,9
2024-10-26 08:00:00,max,69
2024-10-26 14:40:00,min,20
2024-10-26 19:55:00,max,48
2024-10-27 01:40:00,min,8
2024-10-27 08:10:00,max,72
2024-10-27 14:45:00,min,10
2024-10-27 20:30:00,max,57
2024-10-28 02:10:00,min,0
2024-10-28 08:30:00,max,68
2024-10-28 15:05:00,min,-1
2024-10-28 20:40:00,max,52
2024-10-29 02:35:00,min,-9
2024-10-29 09:15:00,max,66
2024-10-29 15:20:00,min,-9
2024-10-29 21:15:00,max,51
2024-10-30 02:50:00,min,-7
2024-10-30 09:30:00,max,73
2024-10-30 15:55:00,min,-14
2024-10-30 22:00:00,max,53
2024-10-31 03:05:00,min,2
2024-10-31 09:40:00,max,83
2024-10-31 16:25:00,min,-15
2024-10-31 22:35:00,max,56
2024-11-01 03:50:00,min,9
2024-11-01 09:55:00,max,82
2024-11-01 16:45:00,min,-20
2024-11-01 23:05:00,max,62
2024-11-02 04:05:00,min,15
2024-11-02 10:00:00,max,82
2024-11-02 17:10:00,min,-22
2024-11-02 23:40:00,max,55
2024-11-03 04:10:00,min,20
2024-11-03 10:20:00,max,81
2024-11-03 17:30:00,min,-14
2024-11-04 00:00:00,max,55
2024-11-04 05:10:00,min,24
2024-11-04 10:50:00,max,75
2024-11-04 18:05:00,min,-17
2024-11-05 00:50:00,max,52
2024-11-05 05:15:00,min,24
2024-11-05 11:25:00,max,74
2024-11-05 18:40:00,min,-12
2024-11-06 01:20:00,max,52
2024-11-06 05:45:00,min,29
2024-11-06 11:30:00,max,66
2024-11-06 18:55:00,min,-10
2024-11-07 02:15:00,max,43
2024-11-07 06:50:00,min,34
2024-11-07 11:45:00,max,53
2024-11-07 19:45:00,min,-6
2024-11-08 05:15:00,max,39
2024-11-08 09:15:00,min,34
2024-11-08 12:25:00,max,38
2024-11-08 21:25:00,min,-4
2024-11-09 06:40:00,max,45
2024-11-09 12:30:00,min,21
2024-11-09 16:05:00,max,31
2024-11-09 23:35:00,min,-7
2024-11-10 07:20:00,max,55
2024-11-10 12:55:00,min,14
2024-11-10 18:20:00,max,42
2024-11-11 00:35:00,min,-4
2024-11-11 07:35:00,max,74
2024-11-11 14:25:00,min,12
2024-11-11 19:25:00,max,52
2024-11-12 01:25:00,min,-2
2024-11-12 08:25:00,max,84
2024-11-12 15:10:00,min,-1
2024-11-12 20:15:00,max,52
2024-11-13 01:50:00,min,-7
2024-11-13 08:45:00,max,85
2024-11-13 15:35:00,min,-14
2024-11-13 21:25:00,max,55
2024-11-14 02:30:00,min,11
2024-11-14 09:10:00,max,94
2024-11-14 16:20:00,min,-23
2024-11-14 22:25:00,max,56
2024-11-15 03:25:00,min,8
2024-11-15 09:40:00,max,87
2024-11-15 16:40:00,min,-31
2024-11-15 23:10:00,max,58
2024-11-16 03:50:00,min,15
2024-11-16 10:10:00,max,84
2024-11-16 17:20:00,min,-29
2024-11-16 23:45:00,max,64
2024-11-17 04:35:00,min,26
2024-11-17 10:40:00,max,84
2024-11-17 17:55:00,min,-23
2024-11-18 00:40:00,max,68
2024-11-18 05:15:00,min,27
2024-11-18 10:55:00,max,79
2024-11-18 18:20:00,min,-12
2024-11-19 01:10:00,max,68
2024-11-19 05:50:00,min,35
2024-11-19 11:40:00,max,80
2024-11-19 18:50:00,min,1
2024-11-20 02:15:00,max,73
2024-11-20 06:25:00,min,55
2024-11-20 11:35:00,max,87
2024-11-20 20:05:00,min,7
2024-11-21 04:30:00,max,63
2024-11-21 07:35:00,min,52
2024-11-21 12:35:00,max,73
2024-11-21 18:45:00,min,34
2024-11-22 03:10:00,max,109
2024-11-22 04:25:00,min,100
2024-11-22 05:30:00,max,107
2024-11-22 18:35:00,min,14
2024-11-23 05:35:00,max,75
2024-11-23 15:20:00,min,11
2024-11-23 20:05:00,max,37
2024-11-23 22:25:00,min,32
2024-11-24 05:45:00,max,82
2024-11-24 13:50:00,min,-2
2024-11-24 20:10:00,max,46
2024-11-25 00:20:00,min,23
2024-11-25 05:50:00,max,66
2024-11-25 13:05:00,min,-3
2024-11-25 20:15:00,max,58
2024-11-26 01:15:00,min,24
2024-11-26 06:50:00,max,59
2024-11-26 14:05:00,min,8
2024-11-26 20:20:00,max,63
2024-11-27 02:15:00,min,13
2024-11-27 08:10:00,max,69
2024-11-27 15:00:00,min,8
2024-11-27 20:55:00,max,59
2024-11-28 02:15:00,min,8
2024-11-28 09:00:00,max,81
2024-11-28 15:50:00,min,0
2024-11-28 21:25:00,max,57
2024-11-29 02:40:00,min,13
2024-11-29 09:05:00,max,84
2024-11-29 16:20:00,min,-16
2024-11-29 22:05:00,max,53
2024-11-30 03:10:00,min,15
2024-11-30 09:10:00,max,76
2024-11-30 16:50:00,min,-26
2024-11-30 23:25:00,max,52
2024-12-01 03:30:00,min,16
2024-12-01 09:40:00,max,75
2024-12-01 16:50:00,min,-18
2024-12-01 23:50:00,max,64
2024-12-02 04:50:00,min,35
2024-12-02 10:20:00,max,82
2024-12-02 17:30:00,min,-15
2024-12-03 00:25:00,max,69
2024-12-03 05:15:00,min,36
2024-12-03 11:00:00,max,87
2024-12-03 18:05:00,min,-9
2024-12-04 01:00:00,max,71
2024-12-04 05:45:00,min,42
2024-12-04 11:25:00,max,86
2024-12-04 18:55:00,min,-4
2024-12-05 01:35:00,max,66
2024-12-05 06:30:00,min,40
2024-12-05 11:45:00,max,73
2024-12-05 19:05:00,min,-7
2024-12-06 03:20:00,max,60
2024-12-06 07:20:00,min,43
2024-12-06 12:35:00,max,74
2024-12-06 20:15:00,min,3
2024-12-07 03:10:00,max,53
2024-12-07 08:10:00,min,36
2024-12-07 13:20:00,max,57
2024-12-07 20:40:00,min,19
2024-12-08 07:05:00,max,109
2024-12-08 09:20:00,min,93
2024-12-08 10:35:00,max,101
2024-12-08 12:25:00,min,91
2024-12-08 13:35:00,max,103
2024-12-08 23:45:00,min,19
2024-12-09 06:55:00,max,114
2024-12-09 14:55:00,min,54
2024-12-10 06:35:00,max,114
2024-12-10 14:05:00,min,24
2024-12-10 18:40:00,max,49
2024-12-10 23:30:00,min,20
2024-12-11 06:45:00,max,97
2024-12-11 14:55:00,min,-4
2024-12-11 20:45:00,max,45
2024-12-12 01:05:00,min,28
2024-12-12 07:50:00,max,82
2024-12-12 15:25:00,min,-24
2024-12-12 21:35:00,max,52
2024-12-13 02:10:00,min,18
2024-12-13 08:25:00,max,80
2024-12-13 15:45:00,min,-30
2024-12-13 22:25:00,max,61
2024-12-14 02:40:00,min,28
2024-12-14 09:00:00,max,90
2024-12-14 16:25:00,min,-25
2024-12-14 23:45:00,max,61
2024-12-15 04:00:00,min,34
2024-12-15 09:20:00,max,80
2024-12-15 17:10:00,min,-47
2024-12-16 00:20:00,max,55
2024-12-16 05:00:00,min,21
2024-12-16 10:20:00,max,63
2024-12-16 17:30:00,min,-49
2024-12-17 00:45:00,max,56
2024-12-17 05:45:00,min,16
2024-12-17 10:50:00,max,60
2024-12-17 18:05:00,min,-42
2024-12-18 01:10:00,max,52
2024-12-18 06:10:00,min,6
2024-12-18 11:45:00,max,47
2024-12-18 18:40:00,min,-39
2024-12-19 01:35:00,max,47
2024-12-19 06:45:00,min,6
2024-12-19 12:05:00,max,51
2024-12-19 18:45:00,min,-18
2024-12-20 02:10:00,max,77
2024-12-20 08:35:00,min,34
2024-12-20 11:30:00,max,58
2024-12-20 19:50:00,min,-25
2024-12-21 03:40:00,max,73
2024-12-21 10:15:00,min,25
2024-12-21 12:40:00,max,33
2024-12-21 20:00:00,min,-27
2024-12-22 04:05:00,max,67
2024-12-22 18:00:00,min,17
2024-12-23 02:00:00,max,79
2024-12-23 15:15:00,min,-15
2024-12-23 22:15:00,max,44
2024-12-24 00:20:00,min,38
2024-12-24 05:05:00,max,60
2024-12-24 13:40:00,min,-21
2024-12-24 19:55:00,max,31
2024-12-25 00:40:00,min,17
2024-12-25 06:00:00,max,54
2024-12-25 13:05:00,min,-19
2024-12-25 19:45:00,max,27
2024-12-26 00:00:00,min,11
2024-12-26 06:10:00,max,52
2024-12-26 14:25:00,min,-15
2024-12-26 21:05:00,max,34
2024-12-27 01:35:00,min,22
2024-12-27 08:05:00,max,52
2024-12-27 15:40:00,min,-25
2024-12-27 22:00:00,max,35
2024-12-28 02:45:00,min,4
2024-12-28 08:40:00,max,57
2024-12-28 15:50:00,min,-27
2024-12-28 22:25:00,max,46
2024-12-29 03:05:00,min,11
2024-12-29 09:10:00,max,70
2024-12-29 16:35:00,min,-33
2024-12-29 23:10:00,max,45
2024-12-30 03:40:00,min,14
2024-12-30 09:30:00,max,69
2024-12-30 17:00:00,min,-41
2024-12-30 23:50:00,max,48
2024-12-31 04:20:00,min,15
2024-12-31 10:00:00,max,64
2024-12-31 17:30:00,min,-43
